HUC_12,0
10300031501.0,0.11534093054676905
10300031804.0,0.18792370857908403
10600010204.0,0.7360822955889421
10600021006.0,0.07847316365303043
10600030102.0,0.49718839722884695
10600031102.0,0.31302333026731594
10700040402.0,0.008943814226766584
10801030703.0,0.010330533406450232
10801060406.0,0.012305535595380016
11000010202.0,0.0150331363176587
20200060205.0,0.01363823251433706
20301030701.0,0.013610751787928494
20301040101.0,0.01334414033812499
20301050106.0,0.027038937955910104
20301050305.0,0.025419334389481157
20302020205.0,0.010344307209120227
20302020802.0,0.054748309569773605
20302020902.0,0.01668372184103824
20401030401.0,0.01365536062586689
20401030601.0,0.016323210275919334
20401050901.0,0.015804016198435532
20401050902.0,0.019770863706025227
20401050905.0,0.02036392994862708
20401050907.0,0.04086592820612123
20401050909.0,0.01904794746369164
20401060501.0,0.0284374844707685
20402010203.0,0.028440284589908316
20402020401.0,0.01915341861986103
20402030804.0,0.038865918774802236
20402030809.0,0.04447243357705835
20402070102.0,0.009892560313984474
20402070103.0,0.011414152843323321
20403030504.0,0.009907533044130732
20501011309.0,0.026340691258871736
20501020807.0,0.016707523494683078
20501030105.0,0.019132724874269362
20501030205.0,0.016048574818364792
20502010301.0,0.019146045037973708
20502050604.0,0.18601765131669895
20502050606.0,0.1688565645577055
20502060201.0,0.023098761835731257
20502060208.0,0.014150673021308733
20502060507.0,0.036469055636415386
20502060701.0,0.049772908523768825
20503011006.0,0.015286655942566122
20600020302.0,0.026986551518724495
20600020407.0,0.08429301814880985
20600020601.0,0.030370637153141603
20600040401.0,0.009317923994849616
20600040404.0,0.020199553201931376
20700030205.0,0.01920213611585037
20700030304.0,0.020820656587383808
20700040203.0,0.047516110724945666
20700040402.0,0.01460654687634151
20700040505.0,0.02411121730513953
20700110704.0,0.013278167533561354
20801030601.0,0.03452959244415411
20802011101.0,0.012298677832081457
20802060802.0,0.01230077703899146
30102051201.0,0.03519882534403862
30401050405.0,0.017518192938704203
30501050604.0,0.01677187545811417
30501091104.0,0.009560670438413634
30702030503.0,0.014023699546974537
30801011005.0,0.018303188716368168
30801030101.0,0.007923505624662347
30902010200.0,0.054777232270386715
30902050304.0,0.014468391763458122
30902061100.0,0.01028273503493341
30902061203.0,0.010181081250102322
31001010401.0,0.009129596326886277
31002050201.0,0.006880514835440027
31002070503.0,0.02077547292328529
31102030302.0,0.0064632276480773845
31102050407.0,0.008868156264597337
31300110102.0,0.0071396058062600035
31700070106.0,0.006628386053404312
40301080603.0,0.06947062441473874
40301080901.0,0.024872430901503925
40302020603.0,0.010922955527787727
40302020807.0,0.01653263033255384
40302021103.0,0.032266472700686465
40302021904.0,0.021627713019529798
40302022003.0,0.020356901949889972
40302022006.0,0.016991616789515787
40400010509.0,0.11162996971127327
40500012104.0,0.07084665542939962
40500012203.0,0.04196486508363032
40500040709.0,0.01984362026250295
40801030108.0,0.12961449948424728
40801030204.0,0.2553528024559322
40801030303.0,0.2006707368606491
40801030403.0,0.04979010542488203
40801040103.0,0.10138150390747588
40802020503.0,0.031489550590699876
40802040202.0,0.0411047148389712
40802040513.0,0.058640539081035906
40802050306.0,0.08643123755861411
40900010106.0,0.5257900218451066
40900030106.0,0.03640521704895716
40900030110.0,0.059678851231232004
41000030104.0,0.09206694106889352
41000030202.0,0.06522481758541615
41000080301.0,0.03656125085245975
41100040201.0,0.04523472797979943
41100040301.0,0.020515324149977546
41100040606.0,0.01766823485666389
41402011008.0,0.022339803740808444
41504050201.0,0.017275902490749014
50100010207.0,0.015422454755673437
50100051005.0,0.03404179725428008
50100060902.0,0.04626432478564626
50100070602.0,0.023776705298667516
50100080106.0,0.06144832342296875
50100080204.0,0.07884261274596405
50200020103.0,0.013603484748652615
50200050601.0,0.023545098951589218
50200050702.0,0.07621672297912595
50200060302.0,0.023149593067800338
50200060906.0,0.1655783192824453
50200061104.0,0.14060436469662088
50200061203.0,0.058272065799065464
50301010203.0,0.04412931097574632
50302020601.0,0.04394881484957123
50302030505.0,0.030249694133538993
50302030907.0,0.015609038892084514
50302040204.0,0.04605250663452531
50400030103.0,0.055117063883570454
50400060402.0,0.22968242236556402
50500030804.0,0.018053715228880326
50600010601.0,0.23412779858113347
50701010501.0,0.00991917670689792
50800010604.0,0.042169249657502204
50800011103.0,0.0979576370159773
50800011904.0,0.03394382610792947
50800020204.0,0.1168434210954306
50800020301.0,0.06147053503713384
50800030404.0,0.12058887980455435
50902020204.0,0.059886191203985646
51201020301.0,0.10300951471439725
51201030203.0,0.17667740924503286
51201030401.0,0.10119825283259504
51201050502.0,0.04778164313601945
51201050504.0,0.10067370372209303
51201070107.0,0.0880443848804885
51202010104.0,0.054110907822181475
51202010401.0,0.027747037031520178
51202011303.0,0.14605378801679514
51202040101.0,0.15441909002941573
51202040405.0,0.05894384146944565
51202080905.0,0.05055747398247331
51202081101.0,0.03297250232352359
51202081103.0,0.02643171828395113
51301050401.0,0.009915528290460275
51401021304.0,0.02760715790469839
70101030702.0,0.01739861253954212
70102050703.0,0.06344778859542224
70102060103.0,0.018288686857240246
70102060203.0,0.0250400057458477
70102060502.0,0.016597187840064857
70200010501.0,0.051831336406907166
70200010503.0,0.036624394562613564
70200121104.0,0.021912246130112303
70801010405.0,0.05040713570762536
70801010406.0,0.012924345337849545
70801030404.0,0.028105457940809
70801050906.0,0.08675541903297761
70802050505.0,0.013857656905210304
70802070901.0,0.037952551991541926
70900060204.0,0.07751894128559059
71000030802.0,0.0413135842905501
71000040204.0,0.0205173399124817
71000040704.0,0.027621335440655228
71000050104.0,0.11040337169698526
71000050301.0,0.07873599168981643
71000050403.0,0.04646193288497828
71000050605.0,0.027309901792143747
71200010904.0,0.05104855018591624
71200011403.0,0.06440805147557285
71200030305.0,0.03640221208660446
71200030406.0,0.04756470575055676
71200060802.0,0.0173837169259645
71200060904.0,0.05344055766147603
71200061004.0,0.04193597943143987
71200061201.0,0.015489446815201232
71300010602.0,0.03311796335451334
71300020201.0,0.09022829922948707
71300020802.0,0.05792388353059081
71300040303.0,0.09556938385660643
71300050107.0,0.03368150915912737
71300060106.0,0.09500505531664083
71300060204.0,0.0457304942871359
71300090105.0,0.11972876193133163
71300090204.0,0.027888885152102416
71401040111.0,0.014036293875982627
71402010201.0,0.061472505573068735
80101000701.0,0.061233764393043386
80201000101.0,0.019551284805646742
80202031212.0,0.09156454253746149
80202040301.0,0.036626336124494174
80202040303.0,0.018511892283786868
80202040615.0,0.04011846984389337
80203010401.0,0.009132398543490875
80203020801.0,0.056453971491188644
80203020802.0,0.0594631214878972
80203020803.0,0.0652289123400366
80203020805.0,0.07961468987311315
80203020806.0,0.025874780455785926
80204020303.0,0.07873610787656442
80302060802.0,0.05426398461308974
80302071100.0,0.040137474390595305
80302090400.0,0.020968384996869965
80402050302.0,0.06127761538449432
80500010701.0,0.02539372229260474
80500011603.0,0.017600736676443837
80500020102.0,0.1456773877834767
80500030201.0,0.01176089019726044
80702020906.0,0.007275923640045195
80703000401.0,0.008918762916036186
80801020506.0,0.006960615025915255
80801030303.0,0.009890343596767426
90100030205.0,0.0931161142559276
90100040305.0,0.06573737642071091
90100040604.0,0.19500242972956014
90100040605.0,0.3896988491304375
90100040702.0,0.05378558850583158
90201030206.0,0.03345189785490683
90201050102.0,0.21336485878940445
90201050506.0,0.2829472005380405
90201050802.0,0.3944506511580276
90201051003.0,0.27112408458599024
90201070401.0,0.5782638917951637
90201080904.0,0.5486123613385887
90201090605.0,0.13819520084593245
90202010201.0,0.22058780672593506
90202010304.0,0.30633794693636557
90202011007.0,0.645128851288731
90202011201.0,0.29929548771074915
90202011304.0,0.4031221021643774
90202020300.0,0.1768919550908265
90202020803.0,0.2720243089201691
90202030203.0,0.2384535879384629
90202030505.0,0.08352365432386323
90202030803.0,0.1157505479716723
90202040606.0,0.11525222066298905
90203080102.0,0.269742914017845
90203080201.0,0.23492967734966566
90203150207.0,0.16813501024470104
90203160501.0,0.5113041445095396
90203161004.0,0.07789669597837048
90300050602.0,0.028052721536058117
100200020311.0,0.10559146246868364
100200020603.0,0.06314128432075486
100200060302.0,0.1354071033361658
100301010504.0,0.11269544915357285
100301021101.0,0.07293019712025639
100500041304.0,0.23287848358818286
100500041505.0,0.10000966833445989
100500041901.0,0.08382162419311988
100500042102.0,0.27716296820396247
100500120404.0,0.3405870055345981
100500140703.0,0.2578446325362328
100600010802.0,0.14863680963863313
100700040602.0,0.022220851645632728
100700070805.0,0.06027401203846788
100800020201.0,0.022193363908691862
100800070203.0,0.015832003474219893
100800110203.0,0.09308977280399466
100902020503.0,0.0203977768473421
101101010503.0,0.07853511041171278
101101010901.0,0.18460562089877244
101101011308.0,0.406400200750573
101101011905.0,0.0489738139603179
101101012602.0,0.4396762480578898
101101012605.0,0.2769075755847075
101101012704.0,0.05344051261918574
101101013401.0,0.06509381139217518
101101020101.0,0.3679907229762704
101101020205.0,0.41789967564586383
101102010101.0,0.021750045661577833
101102050406.0,0.08589267602874501
101102050602.0,0.026456778547880755
101201060405.0,0.03694316889117645
101201070502.0,0.06796474437185263
101201090101.0,0.19119969688067284
101201090103.0,0.06274960292135519
101201090104.0,0.0716230296774996
101201090201.0,0.0797424801443206
101201090204.0,0.03555854653575596
101201090403.0,0.07110399080243204
101201090703.0,0.18129568595871318
101201090805.0,0.11091766007743847
101201100202.0,0.06642099760156513
101201100204.0,0.035981661883976036
101202010505.0,0.019785737786280216
101202020701.0,0.13439516515136452
101301010203.0,0.10079926431937909
101301020307.0,0.03543468470614818
101301020902.0,0.04172884796727229
101301021101.0,0.10000800400723528
101301030706.0,0.056573949097099126
101301030802.0,0.058691267169779245
101301031002.0,0.10267026610190544
101301031406.0,0.0666192222032425
101301060302.0,0.07620576299006464
101302010401.0,0.03421314812817746
101302010802.0,0.030235402931351917
101302010905.0,0.03526199086592091
101302020209.0,0.11574335612409388
101302030201.0,0.045402758120764775
101302030305.0,0.04302239880347909
101302030607.0,0.026456285095874808
101302040201.0,0.10750826942285757
101302051003.0,0.031649316986468536
101302060105.0,0.0373447007384696
101303010201.0,0.02421700837509697
101402011204.0,0.04424822925344536
101402011605.0,0.04354427036395471
101402011606.0,0.06479494163543868
101402011702.0,0.03928031816476027
101402011703.0,0.04330246118891282
101402011804.0,0.1643808845385792
101402011805.0,0.3387325251789624
101402012003.0,0.07319723342899494
101402012302.0,0.16596755772587551
101402020301.0,0.03993495432466303
101402021301.0,0.07245101964522976
101402021304.0,0.04237141847775334
101402030103.0,0.0542055748734403
101402030306.0,0.1668631889327108
101402030401.0,0.1015607775337718
101402030505.0,0.03562988849290464
101402040402.0,0.07190094050674171
101402040501.0,0.03607464697044131
101500020101.0,0.05015719651403778
101500020503.0,0.2012578476204853
101500030807.0,0.2938467412856144
101500031203.0,0.3059427563618761
101500031501.0,0.3352657735576978
101500040602.0,0.06516501895575941
101500040603.0,0.14840592755472423
101500040607.0,0.06861664983755905
101500040801.0,0.47554033953368813
101500041202.0,0.03542902301921936
101500041203.0,0.021606611421372577
101500060101.0,0.08924890355321591
101500060102.0,0.07743881320210204
101500060201.0,0.1720184944105149
101500060303.0,0.11717329774422666
101500060402.0,0.10217585792221326
101500060403.0,0.07594841252245432
101500060404.0,0.1400366802066867
101500060407.0,0.03268457896446693
101500070101.0,0.0575418008995576
101500070601.0,0.060088455328569546
101500070602.0,0.04534595135644359
101600010209.0,0.29689226610551966
101600020205.0,0.15649399165989306
101600030602.0,0.5179350801976292
101600030804.0,0.20658966086683447
101600040202.0,0.11499600964272431
101600040402.0,0.07263186371527405
101702030602.0,0.05645589028590581
101800020508.0,0.03196655559339583
101800020606.0,0.0751086916687107
101800060502.0,0.04011554927791699
101800080905.0,0.05840048468018353
101800081004.0,0.05077184440103083
101800081102.0,0.14656428106147457
101800090104.0,0.167240542917733
101800090105.0,0.1486451662612388
101800090206.0,0.08165801781944454
101800090401.0,0.11462215290998862
101800090402.0,0.17517999946769502
101800090502.0,0.07986680728330166
101800090503.0,0.5708571961236718
101800090505.0,0.0992041907333805
101800090508.0,0.16919591159295994
101800090606.0,0.44706642464802104
101800090807.0,0.20132450139059332
101800090810.0,0.13584208109403126
101800090905.0,0.11262691013732809
101800091004.0,0.12562389554642597
101800091105.0,0.07113774153794027
101800091108.0,0.15270530934182983
101800091202.0,0.1876772221690324
101800091206.0,0.08419930800790959
101800091401.0,0.36245801980851616
101800091704.0,0.08499539830349533
101800091705.0,0.16550354892492147
101800100403.0,0.08884529516724235
101800100610.0,0.05268338799449659
101800110401.0,0.07598158368664025
101800110505.0,0.03834609981097216
101800110906.0,0.03895215310970298
101800120208.0,0.09742129141103359
101800120502.0,0.08624551623064113
101800120703.0,0.21190551268602306
101800130101.0,0.609535561518635
101800130301.0,0.06551660408877456
101800130307.0,0.15328822676206436
101800130501.0,0.28662740433536754
101800130503.0,0.27349777846889334
101800140403.0,0.07585145868467698
101800140703.0,0.41404600465070035
101800140704.0,0.6467813159873265
101900030201.0,0.03552644677792146
101900030503.0,0.04037223460098956
101900030801.0,0.0698073945928721
101900050405.0,0.02853659542568467
101900100201.0,0.03790314377967794
101900100301.0,0.03337849611311384
101900121005.0,0.16726953219098045
101900121303.0,0.1610500481647465
101900130409.0,0.053235776315832394
101900140407.0,0.07790218896278892
101900150203.0,0.051137893848656524
101900150206.0,0.28403011914093246
101900150304.0,0.11667760370380924
101900150305.0,0.1004402597220588
101900150306.0,0.07179868866479401
101900160503.0,0.08689792730501285
101900160504.0,0.21840632283473127
101900160505.0,0.44075615015800373
101900160702.0,0.24875813407733982
101900180302.0,0.11722265783321283
101900180502.0,0.11787783021961928
101900180601.0,0.03654161181112745
101900180603.0,0.07134860503509927
102001010108.0,0.12556096457543034
102001010205.0,0.13473323189400577
102001010206.0,0.38016413190990017
102001010207.0,0.1632470130692961
102001010302.0,0.023521245253726574
102001010401.0,0.2701379996206934
102001010405.0,0.11227529562819576
102001010506.0,0.08524595433699879
102001010507.0,0.056156835679777854
102001010608.0,0.04994753981734092
102001010905.0,0.061403017357767264
102001011001.0,0.138926320389583
102001011004.0,0.09696744252668117
102001011005.0,0.14532356126940194
102001020305.0,0.03554298919358179
102001030103.0,0.05690060681785462
102001030206.0,0.048468321196067476
102001030503.0,0.024644620381046756
102001030505.0,0.025141229949457063
102002010103.0,0.014997035869266062
102002010204.0,0.011453900937260043
102002020101.0,0.03434438009740311
102002020103.0,0.014948008154679678
102002020105.0,0.046724265973737564
102002020208.0,0.03746892370094524
102002031005.0,0.047218589878806796
102100010303.0,0.18372933873585173
102100010405.0,0.17850881715745423
102100020703.0,0.06924216432317788
102100040103.0,0.16272396631749494
102100040109.0,0.07928467120286398
102100040110.0,0.04467023012705491
102100040205.0,0.05536346691848062
102100040208.0,0.01470102466430786
102100040304.0,0.04953520108942425
102100040309.0,0.03487893749959521
102100080303.0,0.07425046375599616
102100080604.0,0.10396717317753862
102100090603.0,0.023746673410726175
102200010605.0,0.055460335399737944
102200011309.0,0.0294305890828026
102200020401.0,0.019133672275269596
102200020504.0,0.035267923814422834
102200020604.0,0.05272701651185617
102200030102.0,0.01425922926158973
102200030302.0,0.019682419845041585
102200031003.0,0.022083766099655216
102200040401.0,0.018719824419650775
102300010304.0,0.020071900780667663
102300010305.0,0.01985992996367156
102300010407.0,0.037451178825135614
102300010609.0,0.013505530994875403
102300030703.0,0.12038352657968142
102300040405.0,0.06588884122929951
102300060502.0,0.05658822018113095
102400010201.0,0.04394938089031916
102400010310.0,0.25674485382507756
102400070105.0,0.028481130815432965
102400080105.0,0.02358543233236633
102400100108.0,0.026189201959288724
102400120110.0,0.02543243941918136
102500020102.0,0.07226953985806629
102500020703.0,0.14371740060863386
102500030511.0,0.03307750104643371
102500031109.0,0.03853723072639708
102500040608.0,0.023221945496797
102500040809.0,0.0282347718641225
102500050212.0,0.04316918785459574
102500050406.0,0.04406642370142826
102500050503.0,0.031048121196044925
102500060402.0,0.04434686531665091
102500060503.0,0.22084547940181518
102500060601.0,0.09304490831971449
102500070104.0,0.019936489549074076
102500070303.0,0.034590458870118704
102500090402.0,0.021068512915130844
102500090501.0,0.029384239453819905
102500130203.0,0.019904001419744934
102500130204.0,0.02609966751265212
102500130208.0,0.026419634361094724
102500140103.0,0.019426909485657198
102500150303.0,0.02007967526085915
102500150304.0,0.02790123751793751
102500170609.0,0.018087998192818602
102600060106.0,0.04750388853940812
102600070203.0,0.017643061738687665
102600090206.0,0.03354878562941898
102600110503.0,0.018101936346575278
102600110506.0,0.020170619871824894
102600130207.0,0.0295299479487384
102701020802.0,0.021108641041379394
102701040201.0,0.07115809661936968
102701040203.0,0.08136543693434828
102701040602.0,0.03370435299488532
102702010102.0,0.012675107496054423
102702010104.0,0.017595680375748785
102702010205.0,0.012819711757628496
102702010302.0,0.011959270232358831
102702020104.0,0.02111177574800511
102702030406.0,0.021481433612950927
102702030505.0,0.021212864869747005
102702030506.0,0.01867815871220741
102702040307.0,0.02690855000781095
102702060101.0,0.1397106906480447
102702060301.0,0.14643002059751606
102702070102.0,0.01944351243441374
103001010305.0,0.023532388138543952
103001010306.0,0.04587724753348739
103001020709.0,0.01142903037055311
110200101904.0,0.05579065123739944
110300010703.0,0.016309973159911898
110300020205.0,0.07484989803022406
110300020302.0,0.10022393830958207
110300020506.0,0.09296977404941809
110300070101.0,0.058732959057079225
110300070104.0,0.020620393378443774
110300070202.0,0.032129743281813665
110300070307.0,0.017647359583103095
110300080302.0,0.02934493410717403
110300100202.0,0.02542362631900576
110300100203.0,0.04511992413715523
110300120303.0,0.05241510191365441
110300120305.0,0.07739634275905054
110300120306.0,0.026891383798756104
110300120404.0,0.05283417500009105
110400030308.0,0.015360207763904406
110500020808.0,0.028175323613716066
110500020809.0,0.09323284567422657
110600010303.0,0.011425181632071369
110600030401.0,0.022797756183808124
110600060303.0,0.010035489284492362
110600060605.0,0.01783709639326052
110702030205.0,0.020383407717786028
110702030405.0,0.04886092902121478
110702060106.0,0.018524053900778055
110702071004.0,0.01123295086768872
110902030105.0,0.017481729892331325
111001011207.0,0.018842288203966277
111001011208.0,0.01756486617837874
111001030106.0,0.020208773128580854
111001030408.0,0.012791344569685531
111002010202.0,0.02030338443955102
111002010504.0,0.01571542782762804
111002010604.0,0.022593294857139037
111002020111.0,0.013804824887082746
111002030108.0,0.0152057015173412
111002030401.0,0.010604204979998024
111003020105.0,0.10087019664800907
111003030206.0,0.015786507794544064
111102010104.0,0.01190676140191405
111201010505.0,0.012720533289672199
111201010607.0,0.019398260202082497
111201030204.0,0.014171304872388303
111201040102.0,0.02113774032368093
111201040501.0,0.02731980846785572
111203030502.0,0.08951644926417042
111301030103.0,0.038200758935101733
111301040204.0,0.012213470735523544
111302050208.0,0.03400742019389496
120100050303.0,0.006033292570060821
120200030404.0,0.006558012519161547
120401010404.0,0.007577808969902995
120402010500.0,0.0141909472348414
120500010104.0,0.08253828135019345
120500010105.0,0.13267894816672576
120500010107.0,0.17915057956240468
120500010703.0,0.22083054310547706
120500010904.0,0.2991608915903463
120500011105.0,0.3933604195745561
120500011107.0,0.40036825389762504
120500011301.0,0.8223383754597728
120500011305.0,0.5268764275995556
120500020105.0,0.0720528528730818
120500020110.0,0.019832819936131636
120500020503.0,0.08424845385048088
120500020504.0,0.0794195749879468
120500030303.0,0.22427995424686567
120500030304.0,0.390817089040137
120500040203.0,0.887673768983336
120500060301.0,0.11079289343652372
120500060303.0,0.09177247431421919
120500060304.0,0.11149912749388408
120500070101.0,0.5235420481337473
120701030308.0,0.00898354617233067
120800010105.0,0.14815553685727847
120800010301.0,0.6167394614922467
120800010408.0,0.9278865886991422
120800020803.0,0.12538515260343613
120800030602.0,0.06679977416659517
120800030607.0,0.10025679655714345
120800030903.0,0.8704038520942641
120800040201.0,0.07027238015518414
120800040203.0,0.8899882856166472
120800040502.0,0.7957058815822812
120800040503.0,0.8712322643867775
120800040504.0,0.7925463592505388
120800040506.0,0.8055549464157906
120800050206.0,0.06292241738814401
120800050404.0,0.07112021876871995
120800060206.0,0.6866095822350489
121002040206.0,0.014306326112417613
121003020406.0,0.02584207801006711
121003030405.0,0.0682414041558087
121003030603.0,0.015407191452029165
121102040310.0,0.052661318441938984
121102060102.0,0.05600923138225147
121102060502.0,0.016276565984685267
130100040611.0,0.05172789536551537
130201011205.0,0.09581557226325918
130201011303.0,0.02101943301069112
130202010202.0,0.10422417410694103
130202030103.0,0.3350889496804947
130202030105.0,0.12647494025129744
130202030106.0,0.1345504904794149
130202030107.0,0.18941198879277682
130202030303.0,0.36432787207927453
130202030304.0,0.08423884955405125
130202030306.0,0.5148306812048008
130202030406.0,0.18133291584888
130202030410.0,0.2685033874800031
130202030603.0,0.5011511783416227
130202030605.0,0.18313159412588126
130202030704.0,0.5304098314591281
130202031003.0,0.31135014694287755
130202060705.0,0.03512999714105284
130202070301.0,0.06873300098947238
130202070305.0,0.11084921573711436
130202070406.0,0.03840937602779037
130202080511.0,0.04328576236051301
130202110304.0,0.13676276156359976
130301020507.0,0.21429268794538311
130301020603.0,0.22236867350095868
130301020802.0,0.24753760305248712
130301020804.0,0.19855071841712693
130301020903.0,0.27578209182320207
130301020906.0,0.03341298697464958
130301021001.0,0.18802411519006346
130401000104.0,0.10528394816423295
130401000203.0,0.278044589084097
130500010401.0,0.024357896600364887
130500032206.0,0.1180439864768119
130500032207.0,0.09662115181845347
130600111004.0,0.07864454072021186
130700070101.0,0.08671994899183266
130700070405.0,0.11269736717954296
140300020902.0,0.015405997089027963
140401010503.0,0.015522134433551573
140401011001.0,0.1033261171766231
140401050501.0,0.06809088909926389
140401060302.0,0.03221585223315558
140401070204.0,0.07666980285527876
140401090202.0,0.02794979320098339
140402001501.0,0.10517086626354212
140402001507.0,0.03828347311979475
140500010111.0,0.020058818676887268
140500030801.0,0.0698739619133591
140500030806.0,0.033392387174077554
140600020205.0,0.024044211180570055
140600030403.0,0.15994694223528147
140700010603.0,0.04465442194539775
140700020402.0,0.10593718646923188
140700030210.0,0.03717942531810225
140700040103.0,0.6244349149102082
140801011901.0,0.12887013777354298
140801050702.0,0.39812512706381414
140802010411.0,0.13377018736721696
140802030109.0,0.022297008352587435
150100010108.0,0.1241043368506116
150100010407.0,0.21831360436367078
150100020503.0,0.06955108629117358
150100020808.0,0.28709669135412397
150100030502.0,0.0620343918513337
150100030608.0,0.1632298060282145
150100041108.0,0.12003872206183927
150100050205.0,0.060493064209123086
150100050708.0,0.6891744152098875
150100051201.0,0.5783431509472561
150100070106.0,0.18992877584249787
150100080809.0,0.0802435963690139
150100080901.0,0.16052764702555644
150100080909.0,0.23809440763676798
150100090303.0,0.0843664794742748
150100100606.0,0.10970668205288664
150100100607.0,0.23579943686920557
150100100608.0,0.13939808890538027
150100110510.0,0.4267938263098794
150100110803.0,0.6941319545958851
150100130303.0,0.1516968854998518
150100140102.0,0.14890318566100727
150100140206.0,0.30202815238034225
150100140302.0,0.540030535845396
150100150702.0,0.24456357049692407
150200020302.0,0.16260401582919973
150200020409.0,0.06353006485122493
150200040708.0,0.13987285800180577
150200050401.0,0.07563153497788178
150200070208.0,0.09528854583067893
150200070509.0,0.0849384462343552
150200070607.0,0.05477255307982649
150200100210.0,0.40153824234784186
150200100304.0,0.126295420048857
150200110404.0,0.1360036395912693
150200120206.0,0.06499960175803708
150200120302.0,0.12915393003435652
150200130111.0,0.05263385133286692
150200130206.0,0.06859654939733992
150200130207.0,0.21725710004551535
150200130401.0,0.06607270518301725
150200140104.0,0.08848012487942365
150200140403.0,0.0917134552005645
150200150201.0,0.018184469646607897
150200161007.0,0.20090078885883075
150301010306.0,0.28539376530618193
150301010409.0,0.4350681022174464
150301010412.0,0.4298446484875701
150301020301.0,0.4779088147336698
150301030103.0,0.11048471699777372
150301030105.0,0.10601038258975364
150301030202.0,0.16852761606529296
150301030204.0,0.10471022416617447
150301030205.0,0.07940133763707614
150301030206.0,0.08685814647832671
150301030207.0,0.15930213772252586
150301030208.0,0.3654044617903463
150301030211.0,0.1235782125934923
150301030507.0,0.5698460289190375
150301040305.0,0.46100303432280304
150301050307.0,0.2686642368423334
150301060109.0,0.6139050165047343
150301060202.0,0.5596851848457068
150301060203.0,0.6267893868610678
150301070105.0,0.4355834694348221
150302030107.0,0.10343800223135456
150302040407.0,0.12945616698983342
150400050701.0,0.548821610977061
150400050908.0,0.31423479788598463
150400051009.0,0.1254648801877379
150400060405.0,0.1077867701905131
150400060409.0,0.11964813452103923
150400070209.0,0.14752434332716494
150400070306.0,0.1313023990607338
150400070411.0,0.34788472189947217
150501001102.0,0.5158911136026829
150502010508.0,0.28420952162702573
150502010603.0,0.3301489294002554
150502020607.0,0.08861593521784253
150502020709.0,0.20717603979712274
150502020801.0,0.11467818070031043
150502030809.0,0.33171663951159475
150502030810.0,0.12251599816247422
150502030903.0,0.07272670356522105
150503010305.0,0.08632575832491111
150503010504.0,0.08749926528615544
150503010603.0,0.05185856104880969
150503020103.0,0.05097028968820848
150503020303.0,0.08562256876492183
150503040504.0,0.08682549662542692
150503040508.0,0.09926579515177283
150503040605.0,0.29790455226275453
150601050310.0,0.2456883249952183
150601060304.0,0.4585985411329793
150601060305.0,0.4321986435760621
150602010501.0,0.14864536005576617
150602010603.0,0.23549872906982253
150602010709.0,0.1092390196064813
150602020102.0,0.04292125901913014
150602020211.0,0.24902753340083292
150602020508.0,0.04216553990378542
150602020509.0,0.23342898366228435
150602020609.0,0.06141534985731483
150602020701.0,0.22022956289216736
150602030110.0,0.3865908102652014
150602030704.0,0.4038954758405702
150602030707.0,0.15294533860833895
150602030709.0,0.5193329368091547
150701010109.0,0.5063863272962928
150701010202.0,0.3347087689267643
150701010207.0,0.7459307963870028
150701010304.0,0.4133847623586228
150701010401.0,0.36377549471367093
150701010402.0,0.3095432982402008
150701010403.0,0.251499480154194
150701010704.0,0.4740247286532347
150701010709.0,0.6748896854189284
150701020307.0,0.24550147884986645
150701020403.0,0.04796941310089313
150701020809.0,0.5092740185070467
150701020903.0,0.4001618754047299
150701020908.0,0.6236700480098889
150701030112.0,0.16316491239518166
150701040202.0,0.39443739555797874
150701040207.0,0.7300138872623091
150701040401.0,0.4749035557030891
150701040506.0,0.7807211657263726
150701040509.0,0.6752272569563704
150701040702.0,0.5446585914335064
150702010805.0,0.6755928244650362
150702011301.0,0.5398011431616682
150702020203.0,0.662139788128439
150702030704.0,0.4950603829984362
150702030706.0,0.5009271502708195
150803010107.0,0.3722827482411156
150803010410.0,0.08261728949468068
160102010503.0,0.05767030426250145
160102020304.0,0.05563672728382889
160102020503.0,0.043309500381607455
160102020507.0,0.06598283744029967
160102020603.0,0.10566603275580855
160102020706.0,0.182938920090817
160102030402.0,0.23821279711850266
160102030403.0,0.07680468591527034
160102040302.0,0.14292572290058253
160102040305.0,0.2732179210451338
160201020502.0,0.05971844787389979
160201020702.0,0.22768274582487488
160202010204.0,0.19064867517788142
160202010401.0,0.055799237141568966
160202010500.0,0.044771569936503754
160202020604.0,0.18315209360496898
160202040102.0,0.2763698819075594
160202040105.0,0.045904231425833046
160202040106.0,0.11201599936906917
160202040206.0,0.18265565797433608
160203010901.0,0.20093810050751917
160203040201.0,0.11653776273771424
160203040202.0,0.10199649358478745
160203061507.0,0.5930312836990613
160203070303.0,0.06006278269858792
160203080110.0,0.2362842951798483
160203080404.0,0.24226773183809644
160203090105.0,0.04635737054380618
160203090307.0,0.0900559427684855
160300020204.0,0.10677806005012784
160300030605.0,0.21957670852180336
160300040304.0,0.04720849976180959
160300060109.0,0.030070421127760438
160300060203.0,0.02913976326806687
160300060204.0,0.01960880937382956
160300061103.0,0.11862632930387675
160300070211.0,0.05159087249263956
160300080104.0,0.0680610415541269
160300080406.0,0.6313325620473971
160300090107.0,0.09888374393780432
160401011201.0,0.496906822066197
160401011205.0,0.7120957601482668
160401050702.0,0.7313901948775757
160401050704.0,0.5052121667539965
160401050903.0,0.4627187498404458
160401051201.0,0.7287711883325807
160401060204.0,0.31323148627541003
160401080400.0,0.5338100677276428
160401080602.0,0.10610446391893906
160402030906.0,0.8106772935410552
160402030908.0,0.47865710463597616
160501020204.0,0.08212234769834623
160501020402.0,0.3495039249416348
160501020505.0,0.07833323656352588
160501020606.0,0.3178753920258161
160502010304.0,0.3806576918350753
160502010401.0,0.08661497848282891
160502010404.0,0.3736277367700175
160502010505.0,0.130831487342056
160502020103.0,0.06645992921996274
160502020402.0,0.513282043439163
160600010705.0,0.3843915072077494
160600011302.0,0.6638149486414454
160600051503.0,0.17248168388537735
160600060303.0,0.21674600295291552
160600070908.0,0.4934694060842484
160600081903.0,0.049418812709439014
160600082500.0,0.10925994506777614
160600121307.0,0.09603047782614527
160600121503.0,0.232445785700264
160600150903.0,0.648707320224938
170101040304.0,0.0565734827357707
170101040711.0,0.05640427039124619
170102010401.0,0.039473285379360776
170102010707.0,0.04123820735501781
170102010807.0,0.03474535389270146
170102020605.0,0.022338118290432526
170102021402.0,0.04610292161763658
170102051006.0,0.09390763332439281
170102051105.0,0.026663824492737784
170102140205.0,0.029586756800149813
170102140401.0,0.018951331658094227
170102140503.0,0.054216390437065005
170103060105.0,0.03556010961781273
170103060303.0,0.05178305622183506
170103070105.0,0.0628226210565678
170103080306.0,0.038846816861275744
170200040104.0,0.02671874726838462
170200080610.0,0.03597329179020816
170200140103.0,0.09581195276976426
170200150505.0,0.11488097783743967
170200151006.0,0.12552800080273702
170200151007.0,0.08098017308171777
170200160202.0,0.08308536771084776
170200160302.0,0.06394983124901936
170200160303.0,0.04414471286967207
170200160306.0,0.17703549687444173
170200160507.0,0.1331266065168077
170200160601.0,0.10222627042667995
170200160602.0,0.22898802183477138
170402010302.0,0.04749182329163219
170402040801.0,0.03553678626960018
170402050102.0,0.037875732092026215
170402060902.0,0.031303806929694956
170402060904.0,0.029004173991598662
170402061005.0,0.047080459377382304
170402080105.0,0.06354345076609261
170402080209.0,0.022923018448800136
170402080306.0,0.0823962361127534
170402080308.0,0.09033198587004336
170402080507.0,0.07047596391842148
170402090301.0,0.04716103873345175
170402090302.0,0.027739755475874456
170402091207.0,0.17428154134411605
170402091304.0,0.1138985623293611
170402091306.0,0.11475196650139854
170402120402.0,0.13563769495118158
170402120403.0,0.09406524663825092
170402120503.0,0.10039313154189047
170402120704.0,0.2751487859215991
170402121006.0,0.292184513109422
170402121102.0,0.14572715486551055
170402121105.0,0.336898266476364
170402121301.0,0.32376256364776446
170402121303.0,0.6070788970094371
170402121306.0,0.23980056028775962
170402150304.0,0.07182593163496957
170402150408.0,0.04851588295027012
170402190107.0,0.035694151182513144
170501010306.0,0.407412099144421
170501010405.0,0.394906357543145
170501010605.0,0.08149355208133716
170501010803.0,0.6582246768288964
170501010806.0,0.7224167863849623
170501011104.0,0.6831913960340772
170501011105.0,0.09561170048485702
170501011108.0,0.8387612706118863
170501021106.0,0.275831726341972
170501030105.0,0.4154451800162382
170501030201.0,0.35975835452064436
170501030202.0,0.07573808277800848
170501030309.0,0.31677617684688775
170501030408.0,0.41551160195901266
170501030409.0,0.4024917488097681
170501030501.0,0.29953429128166537
170501030502.0,0.31060647754521015
170501030503.0,0.4837280333393147
170501030704.0,0.8091891214672957
170501100704.0,0.4176874407563221
170501140303.0,0.35177508725540596
170501140405.0,0.0843438159807602
170501140408.0,0.15562613415330265
170501140410.0,0.3976308648832641
170501140505.0,0.21224088669624136
170501140507.0,0.24884059577286527
170501140601.0,0.3176668833520194
170501140701.0,0.25786668529412
170501140703.0,0.4204066595841867
170501140803.0,0.7986962927082502
170501150104.0,0.8048171396455516
170501220605.0,0.19210957809891643
170501220806.0,0.3349525737136956
170501220901.0,0.21788878053429242
170501220903.0,0.47259315673631597
170501240705.0,0.14169412714397772
170602011606.0,0.03581068823416826
170602011805.0,0.042345733721703284
170602030504.0,0.031035764859855607
170602040504.0,0.043439944732560645
170602040510.0,0.031374827519070864
170603061302.0,0.06268799998077061
170701011402.0,0.061833754344484175
170701031305.0,0.04286094370563952
170703010302.0,0.015526472522502147
170800030103.0,0.2713412286327126
170900070107.0,0.024393678892292874
170900100307.0,0.13067968322878623
170900100504.0,0.04268751232122568
171100080106.0,0.021188621415723793
171100080109.0,0.028214967577138157
171100080203.0,0.08402473076283559
171100080304.0,0.04049660925604666
171100090602.0,0.0836524953660676
171100100401.0,0.06481150396966946
171100100402.0,0.07684355124174584
171100100505.0,0.04251105721917287
171100100601.0,0.05689385468138049
171100110101.0,0.04422599892569499
171100110102.0,0.05742231804143384
171100110201.0,0.11701516262646053
171100110202.0,0.021872944593557205
171100110203.0,0.046110461152976616
171100120301.0,0.014253661150478223
171100120303.0,0.03076717081712596
171200030400.0,0.5211787310195308
180101100603.0,0.03211482933532299
180101100701.0,0.13486346491081783
180101100704.0,0.13999725355784934
180101100706.0,0.026540828467044714
180102040906.0,0.04052458500565691
180102080302.0,0.015964611572852727
180201040900.0,0.4267344611601173
180201110301.0,0.034250453332217025
180201250602.0,0.03347077654833845
180201560607.0,0.08284721001453126
180201580205.0,0.08605114922207208
180201580206.0,0.19074593558535893
180201580303.0,0.14652032207316718
180201590107.0,0.015506267546987158
180201610102.0,0.018504838400602002
180201610204.0,0.46898183242396896
180201630203.0,0.14700544343495156
180201630606.0,0.6036381589113687
180300010607.0,0.03858998806550439
180300030102.0,0.06690893303431474
180300031104.0,0.11465675771150313
180300031202.0,0.20023849142159028
180300040102.0,0.13615459585957285
180300040306.0,0.08116261973251004
180300040402.0,0.43511737966801467
180300050101.0,0.05110370324047872
180300050903.0,0.12389168322106207
180300060701.0,0.021354298425689866
180300090101.0,0.2676192349268898
180300090208.0,0.40124352776696354
180300090506.0,0.16521793027620194
180300090702.0,0.154087240458834
180300090703.0,0.1997519020452223
180300090804.0,0.7485577578422331
180300120701.0,0.5528295423713396
180300120704.0,0.47726359584288913
180300120803.0,0.1360948056687611
180300120901.0,0.37675994434656546
180300121201.0,0.24930837944561518
180300121301.0,0.13510586149103476
180300121504.0,0.2530274831973199
180300122201.0,0.39655211210557195
180400010304.0,0.033072434033959465
180400011306.0,0.20528193816522664
180400011504.0,0.029233464484392842
180400011602.0,0.047163754032355565
180400011605.0,0.08594646529233158
180400011702.0,0.022318830057394337
180400011902.0,0.07776894105193212
180400012001.0,0.4103889752867888
180400012002.0,0.07644425710540265
180400012005.0,0.38319488760806025
180400012006.0,0.3484054036138218
180400012104.0,0.06296872134181339
180400020205.0,0.08215821041079757
180400020404.0,0.04104916199122505
180400030303.0,0.32439177192384105
180400030401.0,0.019203333490725102
180400030403.0,0.1575468832586971
180400030502.0,0.7331688933414564
180400060401.0,0.14447282875594905
180400061103.0,0.01611409670336251
180400070101.0,0.026271577129213526
180400070303.0,0.024711435065649417
180400070502.0,0.04008662433205609
180400091403.0,0.04877424833650191
180400100604.0,0.019752955048664263
180400100701.0,0.03968652068012915
180400100704.0,0.03415346392311207
180400100706.0,0.026380687001961528
180400110308.0,0.155500308462089
180400121002.0,0.2803653140844511
180400121104.0,0.2013115181908011
180400130602.0,0.013154707490161774
180400130605.0,0.020588424810570886
180400130703.0,0.037997911096037916
180400130705.0,0.028587031852418388
180400510103.0,0.027324678735717405
180400510204.0,0.01839202084425329
180400510402.0,0.06250668566628768
180500010106.0,0.029276250989614786
180500020202.0,0.041088650584335196
180500020205.0,0.08807575099635064
180500020303.0,0.02045432244355558
180500020402.0,0.10098878432956314
180500020502.0,0.118730059668519
180500020801.0,0.15566493624471128
180500041001.0,0.14545165091180354
180500050302.0,0.030878991812175217
180500060205.0,0.04318731964192933
180600020102.0,0.023191560149461297
180600040207.0,0.05340145380420428
180600040406.0,0.034069604343807555
180600050307.0,0.03952481122545431
180600050406.0,0.01944772332173329
180600051106.0,0.09043439193210515
180600090104.0,0.03491721250575169
180600090105.0,0.03435713039311641
180600100703.0,0.02791012012804154
180600100704.0,0.02541505777770184
180600150203.0,0.02061567768607114
180701020301.0,0.04768711008528036
180701040204.0,0.08717521830092649
180701050402.0,0.0358300007802056
180701060603.0,0.030181369705129933
180701060606.0,0.054542402677901905
180701060702.0,0.029785695096851604
180702030102.0,0.02904697283956328
180702030508.0,0.03893449998066804
180702030701.0,0.0340176479202725
180702030706.0,0.038199471676939045
180702031001.0,0.034856521315933496
180702031003.0,0.09673466340076005
180703040504.0,0.03115125780431116
180703040705.0,0.0325739823384376
180703040803.0,0.016697199144311694
180703041004.0,0.050069951751029074
180703041202.0,0.04890647843611011
180703050302.0,0.04652686418512276
180703050602.0,0.04287568097689937
180800031103.0,0.38384579927343215
180901020202.0,0.03505221126953138
180901020601.0,0.04691774624538674
180901020802.0,0.44158387962795537
180902020502.0,0.5807290503516589
180902020602.0,0.7582140410924414
180902021201.0,0.8777190187137291
180902021401.0,0.7804007032619981
180902021404.0,0.8652558623483864
180902031604.0,0.6730288913804007
180902040302.0,0.07117949633878294
180902040303.0,0.040104877712565705
180902040501.0,0.3140161489384395
180902050702.0,0.2839336884558311
180902060105.0,0.069037274950835
180902060403.0,0.49236027849770453
180902060801.0,0.3595164318726421
180902061303.0,0.09461929665102416
180902061308.0,0.07351313552943736
180902061407.0,0.4224684380405361
180902061408.0,0.3937142740936721
180902061802.0,0.18666183650142582
180902062102.0,0.7453589338877681
180902070202.0,0.5215930813678482
180902070302.0,0.6778098348471668
180902070306.0,0.506382385044745
180902080502.0,0.259189860991426
180902080702.0,0.16466562588501382
180902080704.0,0.1901721068594018
180902080705.0,0.4105715936129676
180902080706.0,0.25479610238710443
180902081102.0,0.7323593791864654
180902082402.0,0.2433101112625011
181001001402.0,0.6907863897654999
181001001503.0,0.15635962379436727
181001001601.0,0.078120297796435
181001001603.0,0.39349516344769875
181001001802.0,0.36137603876082375
181001002101.0,0.23410359883136614
181001002103.0,0.4364990150253119
181001004805.0,0.5149776696169435
181002010404.0,0.17885284254084588
181002010802.0,0.51127636445736
181002030304.0,0.26220201528709725
181002040106.0,0.6680027557477733
181002040208.0,0.7193885183074806
