HUC_12,pred,pred_proba,LAT,LONG
10300031501.0,1,0.11534093054676905,44.7476103,-69.6614354
10300031804.0,1,0.18792370857908403,44.9084008,-69.3209081
10600010204.0,1,0.7360822955889421,43.9372128,-70.2075449
10600021006.0,1,0.07847316365303043,43.6333268,-70.7446819
10600030102.0,1,0.49718839722884695,43.4187991,-70.5350491
10600031102.0,1,0.31302333026731594,43.2523773,-70.6289889
10700040402.0,0,0.008943814226766584,42.6804568,-71.5579001
10801030703.0,0,0.010330533406450232,44.0810119,-72.0299558
10801060406.0,0,0.012305535595380016,43.3724227,-72.2611895
11000010202.0,0,0.0150331363176587,42.1376468,-71.9348099
20200060205.0,0,0.01363823251433706,42.7145886,-73.9233906
20301030701.0,0,0.013610751787928494,41.0249654,-74.1443666
20301040101.0,0,0.01334414033812499,40.7274167,-74.3003311
20301050106.0,0,0.027038937955910104,40.4751748,-74.8747432
20301050305.0,0,0.025419334389481157,40.3114296,-74.4891398
20302020205.0,0,0.010344307209120227,40.6412365,-73.6069747
20302020802.0,0,0.054748309569773605,41.0525482,-71.9443736
20302020902.0,0,0.01668372184103824,40.9052573,-72.3127725
20401030401.0,0,0.01365536062586689,41.4404128,-75.4374774
20401030601.0,0,0.016323210275919334,41.5768005,-75.2161662
20401050901.0,0,0.015804016198435532,40.6060947,-75.0901168
20401050902.0,0,0.019770863706025227,40.5578321,-75.0161132
20401050905.0,0,0.02036392994862708,40.4926889,-74.9925853
20401050907.0,0,0.04086592820612123,40.4024251,-74.9082603
20401050909.0,0,0.01904794746369164,40.3423932,-74.9525397
20401060501.0,0,0.0284374844707685,40.8660809,-75.4625827
20402010203.0,0,0.028440284589908316,40.2225797,-75.1395246
20402020401.0,0,0.01915341861986103,39.9423632,-74.9680809
20402030804.0,0,0.038865918774802236,40.4043888,-75.4091844
20402030809.0,0,0.04447243357705835,40.2048615,-75.4635705
20402070102.0,0,0.009892560313984474,39.3480208,-75.5818662
20402070103.0,0,0.011414152843323321,39.3897141,-75.5404324
20403030504.0,0,0.009907533044130732,37.9238475,-75.4471827
20501011309.0,0,0.026340691258871736,41.9175952,-75.9110726
20501020807.0,0,0.016707523494683078,42.2569171,-75.7497875
20501030105.0,0,0.019132724874269362,42.1464328,-76.0636884
20501030205.0,0,0.016048574818364792,42.1173788,-76.0210928
20502010301.0,0,0.019146045037973708,40.5303998,-78.5756605
20502050604.0,1,0.18601765131669895,41.4663987,-77.4761391
20502050606.0,1,0.1688565645577055,41.3457472,-77.4302905
20502060201.0,0,0.023098761835731257,41.5681124,-77.0346587
20502060208.0,0,0.014150673021308733,41.3209624,-77.0653235
20502060507.0,0,0.036469055636415386,41.3085086,-76.8358978
20502060701.0,0,0.049772908523768825,41.2694447,-76.5533826
20503011006.0,0,0.015286655942566122,40.4860764,-76.9777213
20600020302.0,0,0.026986551518724495,39.3624587,-75.9639807
20600020407.0,1,0.08429301814880985,39.1253113,-75.9900964
20600020601.0,0,0.030370637153141603,38.8974888,-76.04957
20600040401.0,0,0.009317923994849616,38.8641158,-76.5487487
20600040404.0,0,0.020199553201931376,38.1871086,-76.3718224
20700030205.0,0,0.01920213611585037,39.4719107,-78.5199353
20700030304.0,0,0.020820656587383808,39.731273,-78.36279
20700040203.0,0,0.047516110724945666,39.5658667,-78.2041998
20700040402.0,0,0.01460654687634151,39.3167803,-78.3203883
20700040505.0,0,0.02411121730513953,39.6219816,-78.0325539
20700110704.0,0,0.013278167533561354,38.2036891,-76.5689674
20801030601.0,0,0.03452959244415411,38.5494135,-77.7458518
20802011101.0,0,0.012298677832081457,37.420197,-80.4042865
20802060802.0,0,0.01230077703899146,37.1886916,-76.6328506
30102051201.0,0,0.03519882534403862,36.7270415,-76.1841836
30401050405.0,0,0.017518192938704203,35.2833534,-80.3268802
30501050604.0,0,0.01677187545811417,35.4311282,-81.7128933
30501091104.0,0,0.009560670438413634,34.0049156,-81.7145734
30702030503.0,0,0.014023699546974537,30.7963901,-81.4818414
30801011005.0,0,0.018303188716368168,28.5038657,-81.2576577
30801030101.0,0,0.007923505624662347,29.1230481,-81.2778465
30902010200.0,0,0.054777232270386715,26.9389977,-80.8369688
30902050304.0,0,0.014468391763458122,26.8165679,-81.4535355
30902061100.0,0,0.01028273503493341,26.3497341,-80.2023543
30902061203.0,0,0.010181081250102322,26.127771,-80.2557046
31001010401.0,0,0.009129596326886277,27.6507592,-81.9945336
31002050201.0,0,0.006880514835440027,28.1804336,-82.0240544
31002070503.0,0,0.02077547292328529,28.0637068,-82.7645499
31102030302.0,0,0.0064632276480773845,31.0256074,-83.2271307
31102050407.0,0,0.008868156264597337,30.0045402,-82.9579608
31300110102.0,0,0.0071396058062600035,30.6693832,-84.7621238
31700070106.0,0,0.006628386053404312,31.1210755,-89.3706418
40301080603.0,1,0.06947062441473874,45.542431,-88.1853611
40301080901.0,0,0.024872430901503925,45.5159523,-87.7150841
40302020603.0,0,0.010922955527787727,44.8065095,-88.5161476
40302020807.0,0,0.01653263033255384,44.5645942,-88.4918925
40302021103.0,0,0.032266472700686465,44.6251041,-88.7872927
40302021904.0,0,0.021627713019529798,44.2830109,-89.047807
40302022003.0,0,0.020356901949889972,44.1577587,-88.9623503
40302022006.0,0,0.016991616789515787,44.0692857,-88.9593823
40400010509.0,1,0.11162996971127327,41.5786998,-87.2095331
40500012104.0,1,0.07084665542939962,41.6235474,-86.0653858
40500012203.0,0,0.04196486508363032,41.6520187,-86.0945236
40500040709.0,0,0.01984362026250295,42.8025413,-84.9064006
40801030108.0,1,0.12961449948424728,43.662052,-83.4859305
40801030204.0,1,0.2553528024559322,43.8960535,-83.2246123
40801030303.0,1,0.2006707368606491,43.923823,-83.0374973
40801030403.0,0,0.04979010542488203,43.8591497,-83.3313493
40801040103.0,1,0.10138150390747588,43.9652214,-82.8295549
40802020503.0,0,0.031489550590699876,43.5053432,-84.6967911
40802040202.0,0,0.0411047148389712,43.1584691,-83.2046111
40802040513.0,0,0.058640539081035906,43.2322856,-83.8901516
40802050306.0,1,0.08643123755861411,43.3461778,-83.8801572
40900010106.0,1,0.5257900218451066,43.2202441,-82.8642518
40900030106.0,0,0.03640521704895716,42.8293383,-83.14621
40900030110.0,0,0.059678851231232004,42.7296631,-83.1974597
41000030104.0,1,0.09206694106889352,41.7680236,-84.4836892
41000030202.0,1,0.06522481758541615,41.7718792,-84.669766
41000080301.0,0,0.03656125085245975,40.8206387,-83.6756166
41100040201.0,0,0.04523472797979943,41.4903143,-80.8101583
41100040301.0,0,0.020515324149977546,41.5242468,-81.0169783
41100040606.0,0,0.01766823485666389,41.6444203,-81.2068255
41402011008.0,0,0.022339803740808444,42.3882394,-76.5061613
41504050201.0,0,0.017275902490749014,44.5256189,-72.9115542
50100010207.0,0,0.015422454755673437,41.973414,-78.2162749
50100051005.0,0,0.03404179725428008,41.1587567,-79.5981939
50100060902.0,0,0.04626432478564626,40.7781909,-79.239062
50100070602.0,0,0.023776705298667516,40.5719298,-78.8502132
50100080106.0,0,0.06144832342296875,40.3231499,-79.3763272
50100080204.0,1,0.07884261274596405,40.5668116,-79.6188666
50200020103.0,0,0.013603484748652615,38.9165515,-80.4739341
50200050601.0,0,0.023545098951589218,39.9172411,-79.7121301
50200050702.0,1,0.07621672297912595,40.3492636,-79.6531725
50200060302.0,0,0.023149593067800338,39.6331486,-79.3225814
50200060906.0,1,0.1655783192824453,40.0619179,-79.6943963
50200061104.0,1,0.14060436469662088,40.2107945,-79.6485484
50200061203.0,0,0.058272065799065464,40.2634473,-79.811082
50301010203.0,0,0.04412931097574632,40.368464,-80.3461841
50302020601.0,0,0.04394881484957123,38.8298772,-81.5619505
50302030505.0,0,0.030249694133538993,38.8279578,-81.0339861
50302030907.0,0,0.015609038892084514,39.1458671,-81.244956
50302040204.0,0,0.04605250663452531,39.6498014,-82.43739
50400030103.0,0,0.055117063883570454,40.4754518,-82.5233384
50400060402.0,1,0.22968242236556402,40.0494837,-82.7009201
50500030804.0,0,0.018053715228880326,37.8532636,-80.584659
50600010601.0,1,0.23412779858113347,40.3769174,-83.6037432
50701010501.0,0,0.00991917670689792,37.5404768,-81.7678523
50800010604.0,0,0.042169249657502204,40.2429127,-84.2634575
50800011103.0,1,0.0979576370159773,40.089238,-84.5267621
50800011904.0,0,0.03394382610792947,39.7819267,-84.121407
50800020204.0,1,0.1168434210954306,39.8570189,-84.628644
50800020301.0,0,0.06147053503713384,39.8036186,-84.6287861
50800030404.0,1,0.12058887980455435,39.6280206,-85.0996389
50902020204.0,0,0.059886191203985646,39.7172707,-84.1010519
51201020301.0,1,0.10300951471439725,40.5785581,-85.2707119
51201030203.0,1,0.17667740924503286,40.2730094,-85.0580466
51201030401.0,1,0.10119825283259504,40.2284044,-85.2448223
51201050502.0,0,0.04778164313601945,40.5761043,-86.3415405
51201050504.0,1,0.10067370372209303,40.6225458,-86.4377444
51201070107.0,1,0.0880443848804885,40.4636614,-85.953213
51202010104.0,0,0.054110907822181475,40.1060967,-85.0940155
51202010401.0,0,0.027747037031520178,40.3080065,-85.5272699
51202011303.0,1,0.14605378801679514,39.7914209,-86.4265417
51202040101.0,1,0.15441909002941573,39.9746136,-85.304567
51202040405.0,0,0.05894384146944565,39.7753449,-85.858557
51202080905.0,0,0.05055747398247331,38.8376699,-86.7439757
51202081101.0,0,0.03297250232352359,38.8454926,-86.8140978
51202081103.0,0,0.02643171828395113,38.7604096,-86.8602532
51301050401.0,0,0.009915528290460275,36.5090887,-84.9022386
51401021304.0,0,0.02760715790469839,37.9760374,-85.905382
70101030702.0,0,0.01739861253954212,47.0146656,-93.6078906
70102050703.0,1,0.06344778859542224,45.0280504,-93.6821543
70102060103.0,0,0.018288686857240246,45.0847528,-93.4955297
70102060203.0,0,0.0250400057458477,45.2261279,-93.2860148
70102060502.0,0,0.016597187840064857,44.9958889,-93.3621083
70200010501.0,0,0.051831336406907166,45.4137952,-96.9708144
70200010503.0,0,0.036624394562613564,45.3951589,-96.9166783
70200121104.0,0,0.021912246130112303,44.8674392,-93.4689935
70801010405.0,0,0.05040713570762536,41.607962,-90.5250771
70801010406.0,0,0.012924345337849545,41.5245434,-90.4957972
70801030404.0,0,0.028105457940809,41.8404669,-90.719533
70801050906.0,1,0.08675541903297761,41.7336423,-93.3981326
70802050505.0,0,0.013857656905210304,42.3299192,-92.5626835
70802070901.0,0,0.037952551991541926,42.504205,-93.1917934
70900060204.0,1,0.07751894128559059,42.3740843,-88.5407713
71000030802.0,0,0.0413135842905501,43.0795838,-94.2306412
71000040204.0,0,0.0205173399124817,42.5073961,-94.3420104
71000040704.0,0,0.027621335440655228,42.1345602,-93.9445589
71000050104.0,1,0.11040337169698526,42.8842878,-94.0086943
71000050301.0,1,0.07873599168981643,42.9159014,-93.8070672
71000050403.0,0,0.04646193288497828,42.6603534,-93.8233469
71000050605.0,0,0.027309901792143747,42.6039561,-93.9229056
71200010904.0,0,0.05104855018591624,41.2352537,-87.1551541
71200011403.0,1,0.06440805147557285,41.132958,-87.5977533
71200030305.0,0,0.03640221208660446,41.5728492,-87.4645123
71200030406.0,0,0.04756470575055676,41.6007052,-87.3763588
71200060802.0,0,0.0173837169259645,42.5119558,-88.305193
71200060904.0,0,0.05344055766147603,42.4005366,-88.4416058
71200061004.0,0,0.04193597943143987,42.4509805,-88.0818342
71200061201.0,0,0.015489446815201232,42.2078531,-88.3340614
71300010602.0,0,0.03311796335451334,41.4327873,-89.3365421
71300020201.0,1,0.09022829922948707,40.672725,-88.3026146
71300020802.0,0,0.05792388353059081,41.0145586,-88.9573042
71300040303.0,1,0.09556938385660643,40.6786643,-88.7812706
71300050107.0,0,0.03368150915912737,41.160354,-89.838177
71300060106.0,1,0.09500505531664083,40.386087,-88.2623993
71300060204.0,0,0.0457304942871359,40.2355378,-88.3932676
71300090105.0,1,0.11972876193133163,40.223357,-88.7199457
71300090204.0,0,0.027888885152102416,40.1879205,-88.844073
71401040111.0,0,0.014036293875982627,37.8829705,-90.5512938
71402010201.0,0,0.061472505573068735,40.1069109,-88.288244
80101000701.0,0,0.061233764393043386,35.4502895,-90.0390354
80201000101.0,0,0.019551284805646742,34.762387,-90.3824794
80202031212.0,1,0.09156454253746149,35.2858533,-90.4106313
80202040301.0,0,0.036626336124494174,36.7032728,-89.8217228
80202040303.0,0,0.018511892283786868,36.6378686,-89.8032505
80202040615.0,0,0.04011846984389337,36.4676356,-89.7283376
80203010401.0,0,0.009132398543490875,34.8970854,-91.9202192
80203020801.0,0,0.056453971491188644,35.2454343,-91.2660733
80203020802.0,0,0.0594631214878972,35.202629,-91.3011627
80203020803.0,1,0.0652289123400366,35.1456419,-91.3530047
80203020805.0,1,0.07961468987311315,35.0716106,-91.3911384
80203020806.0,0,0.025874780455785926,34.9679197,-91.3839619
80204020303.0,1,0.07873610787656442,34.6209164,-91.8211567
80302060802.0,0,0.05426398461308974,32.7681805,-90.5099238
80302071100.0,0,0.040137474390595305,33.8679306,-90.8921703
80302090400.0,0,0.020968384996869965,32.9550734,-90.9376424
80402050302.0,0,0.06127761538449432,34.1367141,-91.8247738
80500010701.0,0,0.02539372229260474,32.9763266,-91.3605289
80500011603.0,0,0.017600736676443837,31.9656576,-91.6740366
80500020102.0,1,0.1456773877834767,33.9018043,-91.3542213
80500030201.0,0,0.01176089019726044,32.3684753,-91.1167796
80702020906.0,0,0.007275923640045195,30.3293443,-90.6368666
80703000401.0,0,0.008918762916036186,30.2299752,-91.2360073
80801020506.0,0,0.006960615025915255,30.8774551,-92.2647373
80801030303.0,0,0.009890343596767426,30.0289757,-91.9668591
90100030205.0,1,0.0931161142559276,48.1487513,-100.5670199
90100040305.0,1,0.06573737642071091,48.8053229,-99.8266811
90100040604.0,1,0.19500242972956014,48.4193691,-99.8543956
90100040605.0,1,0.3896988491304375,48.3473914,-99.979587
90100040702.0,0,0.05378558850583158,48.9567862,-100.1195854
90201030206.0,0,0.03345189785490683,46.6433541,-95.6347418
90201050102.0,1,0.21336485878940445,46.340617,-97.92559
90201050506.0,1,0.2829472005380405,46.1425799,-97.3248764
90201050802.0,1,0.3944506511580276,46.064396,-96.9183146
90201051003.0,1,0.27112408458599024,46.4580893,-96.8270769
90201070401.0,1,0.5782638917951637,47.2146879,-97.5286263
90201080904.0,1,0.5486123613385887,47.3121058,-96.3203035
90201090605.0,1,0.13819520084593245,47.4469273,-97.0095137
90202010201.0,1,0.22058780672593506,48.7051379,-99.268282
90202010304.0,1,0.30633794693636557,48.5077676,-99.2427038
90202011007.0,1,0.645128851288731,48.3688182,-98.5995004
90202011201.0,1,0.29929548771074915,48.1190851,-99.0069237
90202011304.0,1,0.4031221021643774,48.0971835,-98.1803101
90202020300.0,1,0.1768919550908265,47.8812166,-100.1159967
90202020803.0,1,0.2720243089201691,47.8716642,-99.4587866
90202030203.0,1,0.2384535879384629,47.8522528,-98.5058805
90202030505.0,1,0.08352365432386323,47.4315182,-98.0424366
90202030803.0,1,0.1157505479716723,47.5397401,-98.3794372
90202040606.0,1,0.11525222066298905,46.8117497,-96.9052699
90203080102.0,1,0.269742914017845,48.3423813,-97.9059225
90203080201.0,1,0.23492967734966566,48.4428145,-98.2040326
90203150207.0,1,0.16813501024470104,48.9530189,-99.3630724
90203160501.0,1,0.5113041445095396,48.7968224,-98.4126381
90203161004.0,1,0.07789669597837048,48.895984,-98.0310473
90300050602.0,0,0.028052721536058117,48.0309462,-93.0951457
100200020311.0,1,0.10559146246868364,45.1642192,-112.6031648
100200020603.0,1,0.06314128432075486,45.2133436,-112.5717867
100200060302.0,1,0.1354071033361658,46.3517521,-112.2334829
100301010504.0,1,0.11269544915357285,46.1411345,-111.4335212
100301021101.0,1,0.07293019712025639,47.7224088,-111.5604081
100500041304.0,1,0.23287848358818286,48.4750387,-108.6210995
100500041505.0,1,0.10000966833445989,48.3630527,-108.0721173
100500041901.0,1,0.08382162419311988,48.3731929,-107.8736876
100500042102.0,1,0.27716296820396247,48.4890685,-107.1841878
100500120404.0,1,0.3405870055345981,48.2828526,-106.7409012
100500140703.0,1,0.2578446325362328,48.445995,-107.5158573
100600010802.0,1,0.14863680963863313,48.0203117,-106.2037318
100700040602.0,0,0.022220851645632728,45.6667667,-108.8384435
100700070805.0,0,0.06027401203846788,45.9794496,-108.0642562
100800020201.0,0,0.022193363908691862,42.9283318,-109.0021549
100800070203.0,0,0.015832003474219893,43.7191719,-108.7977877
100800110203.0,1,0.09308977280399466,44.5533674,-108.4110094
100902020503.0,0,0.0203977768473421,44.0821249,-106.0039082
101101010503.0,1,0.07853511041171278,47.9250515,-103.6697952
101101010901.0,1,0.18460562089877244,48.2349426,-103.1230358
101101011308.0,1,0.406400200750573,48.4470889,-102.7316251
101101011905.0,0,0.0489738139603179,47.8649611,-102.6192847
101101012602.0,1,0.4396762480578898,47.9804144,-102.0067612
101101012605.0,1,0.2769075755847075,47.9238876,-102.1869437
101101012704.0,0,0.05344051261918574,47.8671273,-102.5042666
101101013401.0,1,0.06509381139217518,47.4396029,-101.8088648
101101020101.0,1,0.3679907229762704,48.6677119,-103.4867746
101101020205.0,1,0.41789967564586383,48.5992213,-103.3867317
101102010101.0,0,0.021750045661577833,44.5848546,-104.949333
101102050406.0,1,0.08589267602874501,47.7828866,-103.1867351
101102050602.0,0,0.026456778547880755,47.4311604,-102.2849772
101201060405.0,0,0.03694316889117645,43.5394802,-103.7921395
101201070502.0,1,0.06796474437185263,43.6616905,-103.8507641
101201090101.0,1,0.19119969688067284,43.5909915,-103.6261256
101201090103.0,1,0.06274960292135519,43.4804833,-103.6315774
101201090104.0,1,0.0716230296774996,43.4478246,-103.5825945
101201090201.0,1,0.0797424801443206,43.6617037,-103.5833149
101201090204.0,0,0.03555854653575596,43.5094861,-103.3751204
101201090403.0,1,0.07110399080243204,43.5893876,-103.35345
101201090703.0,1,0.18129568595871318,43.5560283,-102.8433169
101201090805.0,1,0.11091766007743847,43.8050664,-103.3326631
101201100202.0,1,0.06642099760156513,44.0654318,-103.3097022
101201100204.0,0,0.035981661883976036,44.0528075,-103.1487077
101202010505.0,0,0.019785737786280216,44.1807582,-104.7344198
101202020701.0,1,0.13439516515136452,44.3249289,-103.6475754
101301010203.0,1,0.10079926431937909,47.7293343,-100.9750023
101301020307.0,0,0.03543468470614818,46.3600199,-100.5721585
101301020902.0,0,0.04172884796727229,45.9688265,-99.7778924
101301021101.0,1,0.10000800400723528,45.8182052,-100.1633282
101301030706.0,0,0.056573949097099126,46.6069899,-99.4906985
101301030802.0,0,0.058691267169779245,46.8197675,-99.6555874
101301031002.0,1,0.10267026610190544,46.4793662,-100.09967
101301031406.0,1,0.0666192222032425,46.8136535,-100.4100857
101301060302.0,1,0.07620576299006464,46.0269183,-99.2971004
101302010401.0,0,0.03421314812817746,47.2272587,-102.4350796
101302010802.0,0,0.030235402931351917,47.3793749,-102.8312389
101302010905.0,0,0.03526199086592091,47.411906,-102.1738046
101302020209.0,1,0.11574335612409388,47.0292442,-102.7877049
101302030201.0,0,0.045402758120764775,46.4849355,-102.0056806
101302030305.0,0,0.04302239880347909,46.7956089,-101.7221472
101302030607.0,0,0.026456285095874808,46.8220732,-100.9446633
101302040201.0,1,0.10750826942285757,46.5660076,-102.9596745
101302051003.0,0,0.031649316986468536,46.0418473,-101.4573241
101302060105.0,0,0.0373447007384696,46.187918,-101.1329629
101303010201.0,0,0.02421700837509697,46.1993055,-103.5628197
101402011204.0,0,0.04424822925344536,43.1097153,-102.6297839
101402011605.0,0,0.04354427036395471,43.1519979,-102.3520835
101402011606.0,1,0.06479494163543868,43.1557278,-102.4969047
101402011702.0,0,0.03928031816476027,43.2208708,-102.3186671
101402011703.0,0,0.04330246118891282,43.3054097,-102.3612467
101402011804.0,1,0.1643808845385792,43.4574537,-102.6064655
101402011805.0,1,0.3387325251789624,43.4906995,-102.5517501
101402012003.0,1,0.07319723342899494,43.3489886,-102.1327612
101402012302.0,1,0.16596755772587551,43.7007315,-102.3405069
101402020301.0,0,0.03993495432466303,43.247486,-101.9281995
101402021301.0,1,0.07245101964522976,43.6463872,-101.056495
101402021304.0,0,0.04237141847775334,43.6671328,-100.8081029
101402030103.0,0,0.0542055748734403,43.1146761,-102.1118576
101402030306.0,1,0.1668631889327108,43.1595084,-101.1608408
101402030401.0,1,0.1015607775337718,43.1231195,-101.0446029
101402030505.0,0,0.03562988849290464,43.3978286,-101.046684
101402040402.0,1,0.07190094050674171,43.3008376,-100.2561722
101402040501.0,0,0.03607464697044131,43.4239954,-100.4797953
101500020101.0,0,0.05015719651403778,42.773472,-104.6241742
101500020503.0,1,0.2012578476204853,42.2675774,-103.7437302
101500030807.0,1,0.2938467412856144,42.4766106,-102.457666
101500031203.0,1,0.3059427563618761,42.4890907,-102.601242
101500031501.0,1,0.3352657735576978,42.863227,-102.0123863
101500040602.0,1,0.06516501895575941,43.0664271,-100.8901557
101500040603.0,1,0.14840592755472423,42.9782703,-100.9611666
101500040607.0,1,0.06861664983755905,42.8993521,-100.6168299
101500040801.0,1,0.47554033953368813,42.7344015,-100.4190804
101500041202.0,0,0.03542902301921936,42.5934198,-99.9500355
101500041203.0,0,0.021606611421372577,42.5815165,-99.8564828
101500060101.0,1,0.08924890355321591,43.1378961,-100.710579
101500060102.0,1,0.07743881320210204,43.2103907,-100.678631
101500060201.0,1,0.1720184944105149,43.0440826,-100.6170225
101500060303.0,1,0.11717329774422666,42.9977433,-100.2173529
101500060402.0,1,0.10217585792221326,43.2266117,-100.2508458
101500060403.0,1,0.07594841252245432,43.1967848,-100.3135271
101500060404.0,1,0.1400366802066867,43.0751209,-100.4450234
101500060407.0,0,0.03268457896446693,43.1636664,-100.1911005
101500070101.0,0,0.0575418008995576,42.6335477,-99.0803045
101500070601.0,0,0.060088455328569546,42.4633006,-98.4837721
101500070602.0,0,0.04534595135644359,42.5394585,-98.4223573
101600010209.0,1,0.29689226610551966,47.6856747,-99.1368205
101600020205.0,1,0.15649399165989306,47.3769456,-99.3034815
101600030602.0,1,0.5179350801976292,46.6586894,-98.4881796
101600030804.0,1,0.20658966086683447,46.3501476,-98.2907468
101600040202.0,1,0.11499600964272431,46.3703505,-98.6816691
101600040402.0,1,0.07263186371527405,46.0803044,-98.4001366
101702030602.0,0,0.05645589028590581,44.0235301,-96.6285591
101800020508.0,0,0.03196655559339583,41.2236913,-106.7561744
101800020606.0,1,0.0751086916687107,41.5242797,-106.7599209
101800060502.0,0,0.04011554927791699,42.4709589,-108.0676947
101800080905.0,0,0.05840048468018353,42.4642106,-105.1162137
101800081004.0,0,0.05077184440103083,42.2550166,-104.9132748
101800081102.0,1,0.14656428106147457,42.4665497,-104.7465231
101800090104.0,1,0.167240542917733,42.2603986,-104.4620777
101800090105.0,1,0.1486451662612388,42.1414906,-104.4238927
101800090206.0,1,0.08165801781944454,42.4905993,-104.2544568
101800090401.0,1,0.11462215290998862,42.0936661,-104.2725479
101800090402.0,1,0.17517999946769502,41.9827687,-104.1451582
101800090502.0,1,0.07986680728330166,41.8411615,-104.6459741
101800090503.0,1,0.5708571961236718,41.8689295,-104.7415667
101800090505.0,1,0.0992041907333805,41.9654876,-104.6784462
101800090508.0,1,0.16919591159295994,41.9580503,-104.4008768
101800090606.0,1,0.44706642464802104,41.8964344,-103.8004022
101800090807.0,1,0.20132450139059332,41.8516601,-103.5090067
101800090810.0,1,0.13584208109403126,41.8265803,-103.5970341
101800090905.0,1,0.11262691013732809,41.7028512,-103.2612558
101800091004.0,1,0.12562389554642597,41.4769799,-102.9823894
101800091105.0,1,0.07113774153794027,41.405066,-102.925656
101800091108.0,1,0.15270530934182983,41.2483733,-102.5793782
101800091202.0,1,0.1876772221690324,41.6289233,-102.799248
101800091206.0,1,0.08419930800790959,41.5130258,-102.594446
101800091401.0,1,0.36245801980851616,41.9456003,-103.1686839
101800091704.0,1,0.08499539830349533,41.4567891,-102.2939776
101800091705.0,1,0.16550354892492147,41.4449074,-102.4682415
101800100403.0,1,0.08884529516724235,41.2085402,-105.8578883
101800100610.0,0,0.05268338799449659,41.3635668,-105.755226
101800110401.0,1,0.07598158368664025,41.9136533,-105.1823196
101800110505.0,0,0.03834609981097216,42.187529,-104.6476488
101800110906.0,0,0.03895215310970298,42.0391841,-104.884139
101800120208.0,1,0.09742129141103359,41.6214593,-104.187142
101800120502.0,1,0.08624551623064113,41.7368654,-104.6711729
101800120703.0,1,0.21190551268602306,41.830134,-104.0380588
101800130101.0,1,0.609535561518635,41.6263792,-104.0570731
101800130301.0,1,0.06551660408877456,41.4550556,-103.8701047
101800130307.0,1,0.15328822676206436,41.514259,-103.270502
101800130501.0,1,0.28662740433536754,41.503962,-103.170938
101800130503.0,1,0.27349777846889334,41.5775124,-103.1404213
101800140403.0,1,0.07585145868467698,41.3268045,-101.6811773
101800140703.0,1,0.41404600465070035,41.5483994,-101.1217887
101800140704.0,1,0.6467813159873265,41.4715975,-101.0385075
101900030201.0,0,0.03552644677792146,39.5432366,-104.6202254
101900030503.0,0,0.04037223460098956,40.0646643,-104.6921171
101900030801.0,1,0.0698073945928721,39.8899311,-104.6468306
101900050405.0,0,0.02853659542568467,40.0613243,-105.3120658
101900100201.0,0,0.03790314377967794,39.2279782,-104.4455256
101900100301.0,0,0.03337849611311384,39.3778546,-104.5068737
101900121005.0,1,0.16726953219098045,40.7481871,-103.003342
101900121303.0,1,0.1610500481647465,41.0162648,-102.5246952
101900130409.0,0,0.053235776315832394,40.2461812,-103.5890244
101900140407.0,1,0.07790218896278892,40.5768877,-103.3590874
101900150203.0,0,0.051137893848656524,41.2725109,-104.503804
101900150206.0,1,0.28403011914093246,41.2112576,-104.0328897
101900150304.0,1,0.11667760370380924,41.0031322,-104.1708077
101900150305.0,1,0.1004402597220588,41.0670946,-104.1875922
101900150306.0,1,0.07179868866479401,41.0901928,-104.2720265
101900160503.0,1,0.08689792730501285,41.2732886,-103.0838158
101900160504.0,1,0.21840632283473127,41.205585,-103.0006211
101900160505.0,1,0.44075615015800373,41.2142012,-102.9303857
101900160702.0,1,0.24875813407733982,41.1500965,-102.9603722
101900180302.0,1,0.11722265783321283,41.0154175,-102.1224433
101900180502.0,1,0.11787783021961928,41.1061919,-101.8606753
101900180601.0,0,0.03654161181112745,41.1068553,-101.5155813
101900180603.0,1,0.07134860503509927,41.0468258,-101.305541
102001010108.0,1,0.12556096457543034,41.3174559,-100.766105
102001010205.0,1,0.13473323189400577,41.3204117,-100.457777
102001010206.0,1,0.38016413190990017,41.1484101,-100.3870457
102001010207.0,1,0.1632470130692961,41.0916129,-100.5015845
102001010302.0,0,0.023521245253726574,40.9798992,-100.5899896
102001010401.0,1,0.2701379996206934,41.3701644,-100.3908005
102001010405.0,1,0.11227529562819576,41.0382269,-100.3062328
102001010506.0,1,0.08524595433699879,40.9695969,-100.0481126
102001010507.0,0,0.056156835679777854,40.8698182,-100.0686573
102001010608.0,0,0.04994753981734092,40.7086313,-99.7521344
102001010905.0,0,0.061403017357767264,40.5910031,-99.4651342
102001011001.0,1,0.138926320389583,40.6101317,-99.3644539
102001011004.0,1,0.09696744252668117,40.5560768,-99.285614
102001011005.0,1,0.14532356126940194,40.5129913,-99.2304838
102001020305.0,0,0.03554298919358179,40.7720258,-98.9564218
102001030103.0,0,0.05690060681785462,40.982609,-98.6259209
102001030206.0,0,0.048468321196067476,41.3171179,-97.876688
102001030503.0,0,0.024644620381046756,41.2633123,-97.5808822
102001030505.0,0,0.025141229949457063,41.3028309,-97.4598968
102002010103.0,0,0.014997035869266062,41.57238,-97.3206143
102002010204.0,0,0.011453900937260043,41.6840913,-97.7003934
102002020101.0,0,0.03434438009740311,41.4875751,-96.758966
102002020103.0,0,0.014948008154679678,41.3905429,-96.4918714
102002020105.0,0,0.046724265973737564,41.1315306,-96.3328494
102002020208.0,0,0.03746892370094524,41.0468814,-96.0607275
102002031005.0,0,0.047218589878806796,41.0741635,-96.4036792
102100010303.0,1,0.18372933873585173,42.0957158,-101.4414897
102100010405.0,1,0.17850881715745423,42.244533,-101.8653269
102100020703.0,1,0.06924216432317788,41.7399664,-100.2560841
102100040103.0,1,0.16272396631749494,41.4638209,-100.5945772
102100040109.0,1,0.07928467120286398,41.5246096,-100.2607013
102100040110.0,0,0.04467023012705491,41.4809539,-100.2997378
102100040205.0,0,0.05536346691848062,41.3933965,-100.1245009
102100040208.0,0,0.01470102466430786,41.3387,-99.9505582
102100040304.0,0,0.04953520108942425,41.2202821,-99.7743543
102100040309.0,0,0.03487893749959521,41.1866383,-99.6253697
102100080303.0,1,0.07425046375599616,42.1702366,-99.5651681
102100080604.0,1,0.10396717317753862,41.8660336,-99.1684444
102100090603.0,0,0.023746673410726175,41.4692137,-97.6383352
102200010605.0,0,0.055460335399737944,42.1432928,-98.809834
102200011309.0,0,0.0294305890828026,42.0538705,-97.6697283
102200020401.0,0,0.019133672275269596,42.3296419,-97.512289
102200020504.0,0,0.035267923814422834,42.2811154,-97.574503
102200020604.0,0,0.05272701651185617,42.1616301,-97.4556355
102200030102.0,0,0.01425922926158973,41.7215907,-97.6085018
102200030302.0,0,0.019682419845041585,42.0890924,-96.9180056
102200031003.0,0,0.022083766099655216,41.4621952,-96.5035533
102200040401.0,0,0.018719824419650775,42.0664303,-96.5618336
102300010304.0,0,0.020071900780667663,42.3851952,-96.5078904
102300010305.0,0,0.01985992996367156,42.3486876,-96.3754563
102300010407.0,0,0.037451178825135614,41.9562726,-96.1840765
102300010609.0,0,0.013505530994875403,41.6335384,-96.269523
102300030703.0,1,0.12038352657968142,43.1017346,-94.9244035
102300040405.0,1,0.06588884122929951,42.3385483,-96.2625535
102300060502.0,0,0.05658822018113095,41.5059809,-96.0198904
102400010201.0,0,0.04394938089031916,40.8404909,-96.3359206
102400010310.0,1,0.25674485382507756,40.5969019,-95.7618711
102400070105.0,0,0.028481130815432965,40.0714955,-96.1640581
102400080105.0,0,0.02358543233236633,40.4074588,-96.4550503
102400100108.0,0,0.026189201959288724,40.9247068,-94.8803255
102400120110.0,0,0.02543243941918136,40.6111092,-94.5164621
102500020102.0,1,0.07226953985806629,40.1421057,-102.9757667
102500020703.0,1,0.14371740060863386,40.1289982,-102.6353964
102500030511.0,0,0.03307750104643371,39.4063167,-102.5655245
102500031109.0,0,0.03853723072639708,39.8411094,-101.7875349
102500040608.0,0,0.023221945496797,40.1271912,-100.7223396
102500040809.0,0,0.0282347718641225,40.298556,-100.2484877
102500050212.0,0,0.04316918785459574,40.492656,-101.8515947
102500050406.0,0,0.04406642370142826,40.3855517,-101.2720454
102500050503.0,0,0.031048121196044925,40.2672735,-101.0844029
102500060402.0,0,0.04434686531665091,40.9154381,-101.9403229
102500060503.0,1,0.22084547940181518,40.5946487,-101.5925878
102500060601.0,1,0.09304490831971449,40.9690892,-101.9067886
102500070104.0,0,0.019936489549074076,40.84922,-101.2913326
102500070303.0,0,0.034590458870118704,40.4380073,-100.8496183
102500090402.0,0,0.021068512915130844,40.5436085,-99.8929095
102500090501.0,0,0.029384239453819905,40.5164095,-99.8098431
102500130203.0,0,0.019904001419744934,39.6989844,-101.3928843
102500130204.0,0,0.02609966751265212,39.755871,-101.4131871
102500130208.0,0,0.026419634361094724,39.8630447,-101.2102179
102500140103.0,0,0.019426909485657198,39.9258991,-100.8356206
102500150303.0,0,0.02007967526085915,39.9111978,-99.675653
102500150304.0,0,0.02790123751793751,39.9796721,-99.5879931
102500170609.0,0,0.018087998192818602,39.0716992,-96.8580653
102600060106.0,0,0.04750388853940812,38.7653397,-99.3815767
102600070203.0,0,0.017643061738687665,39.00627,-99.719752
102600090206.0,0,0.03354878562941898,39.2274416,-100.2085388
102600110503.0,0,0.018101936346575278,39.7350656,-99.5973125
102600110506.0,0,0.020170619871824894,39.6612321,-99.3664574
102600130207.0,0,0.0295299479487384,39.3167745,-100.1509855
102701020802.0,0,0.021108641041379394,39.4143911,-95.9298894
102701040201.0,1,0.07115809661936968,38.8500029,-95.3452439
102701040203.0,1,0.08136543693434828,38.8435542,-95.1869518
102701040602.0,0,0.03370435299488532,38.8951364,-94.8777941
102702010102.0,0,0.012675107496054423,41.014898,-97.9237723
102702010104.0,0,0.017595680375748785,41.1052637,-97.7553815
102702010205.0,0,0.012819711757628496,40.9330017,-97.7111506
102702010302.0,0,0.011959270232358831,41.0116363,-97.4650231
102702020104.0,0,0.02111177574800511,40.8840048,-97.1054354
102702030406.0,0,0.021481433612950927,40.8595958,-97.5672342
102702030505.0,0,0.021212864869747005,40.7696897,-97.5618915
102702030506.0,0,0.01867815871220741,40.7618784,-97.4385647
102702040307.0,0,0.02690855000781095,40.6077936,-97.1572152
102702060101.0,1,0.1397106906480447,40.4986314,-98.9908247
102702060301.0,1,0.14643002059751606,40.5792085,-98.7891459
102702070102.0,0,0.01944351243441374,40.3930875,-97.4248419
103001010305.0,0,0.023532388138543952,39.1051742,-94.4396562
103001010306.0,0,0.04587724753348739,39.1966852,-94.3800444
103001020709.0,0,0.01142903037055311,38.8792374,-92.4312601
110200101904.0,0,0.05579065123739944,38.0014497,-103.2464997
110300010703.0,0,0.016309973159911898,38.0365333,-101.0817323
110300020205.0,1,0.07484989803022406,38.4551028,-101.5652601
110300020302.0,1,0.10022393830958207,38.5203404,-102.273023
110300020506.0,1,0.09296977404941809,38.5128052,-100.9833419
110300070101.0,0,0.058732959057079225,38.4844918,-100.8037709
110300070104.0,0,0.020620393378443774,38.5130381,-100.544879
110300070202.0,0,0.032129743281813665,38.438193,-100.4822427
110300070307.0,0,0.017647359583103095,38.4780289,-99.9534293
110300080302.0,0,0.02934493410717403,38.4684546,-99.0846606
110300100202.0,0,0.02542362631900576,37.9417371,-97.8534889
110300100203.0,0,0.04511992413715523,37.9317667,-97.7923065
110300120303.0,0,0.05241510191365441,38.0780303,-97.5870017
110300120305.0,1,0.07739634275905054,38.0046826,-97.6983839
110300120306.0,0,0.026891383798756104,38.0068896,-97.6074468
110300120404.0,0,0.05283417500009105,38.027993,-97.4520922
110400030308.0,0,0.015360207763904406,37.3986095,-101.534185
110500020808.0,0,0.028175323613716066,35.7778716,-97.605323
110500020809.0,1,0.09323284567422657,35.7822081,-97.4576036
110600010303.0,0,0.011425181632071369,37.0456489,-96.6918726
110600030401.0,0,0.022797756183808124,37.4966033,-98.8274445
110600060303.0,0,0.010035489284492362,36.7852362,-96.6069981
110600060605.0,0,0.01783709639326052,36.4839652,-96.8549536
110702030205.0,0,0.020383407717786028,38.3626543,-96.5508335
110702030405.0,0,0.04886092902121478,38.3648151,-96.2132596
110702060106.0,0,0.018524053900778055,36.9671005,-94.8381906
110702071004.0,0,0.01123295086768872,36.9518898,-94.7334736
110902030105.0,0,0.017481729892331325,35.1842629,-97.3427577
111001011207.0,0,0.018842288203966277,36.7190517,-101.637089
111001011208.0,0,0.01756486617837874,36.6286754,-101.6167224
111001030106.0,0,0.020208773128580854,36.3909621,-102.5683826
111001030408.0,0,0.012791344569685531,36.5387662,-101.6669232
111002010202.0,0,0.02030338443955102,36.4557321,-100.7067074
111002010504.0,0,0.01571542782762804,36.5385413,-100.5508687
111002010604.0,0,0.022593294857139037,36.533351,-100.0270844
111002020111.0,0,0.013804824887082746,36.2606681,-100.7694384
111002030108.0,0,0.0152057015173412,36.2607276,-100.0487403
111002030401.0,0,0.010604204979998024,36.4628613,-100.098333
111003020105.0,1,0.10087019664800907,35.4603323,-97.4581716
111003030206.0,0,0.015786507794544064,35.6402463,-97.1869528
111102010104.0,0,0.01190676140191405,35.3596374,-94.2267343
111201010505.0,0,0.012720533289672199,34.7860757,-102.4702557
111201010607.0,0,0.019398260202082497,34.9863415,-102.1180612
111201030204.0,0,0.014171304872388303,34.7975764,-101.5547191
111201040102.0,0,0.02113774032368093,34.6514154,-102.4239442
111201040501.0,0,0.02731980846785572,34.4930473,-101.6092635
111203030502.0,1,0.08951644926417042,34.7108302,-99.2680367
111301030103.0,0,0.038200758935101733,34.4114603,-101.2537068
111301040204.0,0,0.012213470735523544,33.9545383,-101.0147411
111302050208.0,0,0.03400742019389496,33.7005021,-99.5983121
120100050303.0,0,0.006033292570060821,31.1692169,-93.2056966
120200030404.0,0,0.006558012519161547,30.2117517,-93.9913515
120401010404.0,0,0.007577808969902995,30.1372217,-95.3480307
120402010500.0,0,0.0141909472348414,29.8890254,-93.8488753
120500010104.0,1,0.08253828135019345,34.327771,-103.8063932
120500010105.0,1,0.13267894816672576,34.3194733,-103.7267993
120500010107.0,1,0.17915057956240468,34.3913031,-103.6264509
120500010703.0,1,0.22083054310547706,33.9709483,-103.0025297
120500010904.0,1,0.2991608915903463,33.7219735,-102.7401823
120500011105.0,1,0.3933604195745561,33.9439319,-102.2872992
120500011107.0,1,0.40036825389762504,33.904652,-102.1606563
120500011301.0,1,0.8223383754597728,33.7622282,-102.2472856
120500011305.0,1,0.5268764275995556,33.6368337,-101.9297251
120500020105.0,1,0.0720528528730818,34.4072027,-103.3678117
120500020110.0,0,0.019832819936131636,34.2328699,-103.1063712
120500020503.0,1,0.08424845385048088,34.0361819,-102.2411842
120500020504.0,1,0.0794195749879468,33.976446,-102.0831999
120500030303.0,1,0.22427995424686567,33.6867464,-101.7186876
120500030304.0,1,0.390817089040137,33.7284444,-101.6858339
120500040203.0,1,0.887673768983336,33.6067548,-102.3766656
120500060301.0,1,0.11079289343652372,33.9177325,-101.6634686
120500060303.0,1,0.09177247431421919,33.8577327,-101.4271924
120500060304.0,1,0.11149912749388408,33.8195495,-101.5646978
120500070101.0,1,0.5235420481337473,33.6485261,-101.4949325
120701030308.0,0,0.00898354617233067,31.367006,-96.3491978
120800010105.0,1,0.14815553685727847,33.6029366,-103.3500784
120800010301.0,1,0.6167394614922467,33.6268573,-102.7771282
120800010408.0,1,0.9278865886991422,33.2770446,-102.3699524
120800020803.0,1,0.12538515260343613,32.4482413,-101.351792
120800030602.0,1,0.06679977416659517,32.9785588,-103.7382622
120800030607.0,1,0.10025679655714345,32.9938121,-103.6085011
120800030903.0,1,0.8704038520942641,32.6134996,-102.8864713
120800040201.0,1,0.07027238015518414,33.2859715,-103.4700452
120800040203.0,1,0.8899882856166472,33.1499502,-102.9968821
120800040502.0,1,0.7957058815822812,33.1200958,-103.0396057
120800040503.0,1,0.8712322643867775,33.0495961,-102.8985917
120800040504.0,1,0.7925463592505388,32.9877978,-102.9360013
120800040506.0,1,0.8055549464157906,32.9853509,-102.772925
120800050206.0,1,0.06292241738814401,32.0089673,-102.3408017
120800050404.0,1,0.07112021876871995,31.9214352,-102.2420123
120800060206.0,1,0.6866095822350489,33.3437333,-103.079342
121002040206.0,0,0.014306326112417613,28.8530009,-97.4176384
121003020406.0,0,0.02584207801006711,29.3294365,-98.5733727
121003030405.0,1,0.0682414041558087,28.7588829,-97.7848567
121003030603.0,0,0.015407191452029165,28.7078439,-97.384273
121102040310.0,0,0.052661318441938984,27.7880777,-98.2384315
121102060102.0,0,0.05600923138225147,27.4089354,-98.9337116
121102060502.0,0,0.016276565984685267,27.1869507,-97.8885049
130100040611.0,0,0.05172789536551537,37.8236737,-106.0966318
130201011205.0,1,0.09581557226325918,35.8680578,-106.0640509
130201011303.0,0,0.02101943301069112,35.9059064,-106.2910431
130202010202.0,1,0.10422417410694103,35.7921066,-106.0888214
130202030103.0,1,0.3350889496804947,35.3009978,-106.6405503
130202030105.0,1,0.12647494025129744,35.3072282,-106.8065141
130202030106.0,1,0.1345504904794149,35.2289557,-106.7926126
130202030107.0,1,0.18941198879277682,35.2290594,-106.6243535
130202030303.0,1,0.36432787207927453,35.1116951,-106.7002726
130202030304.0,1,0.08423884955405125,35.0813475,-106.5653615
130202030306.0,1,0.5148306812048008,34.9584888,-106.7017401
130202030406.0,1,0.18133291584888,34.8495753,-106.6047914
130202030410.0,1,0.2685033874800031,34.7438149,-106.6608534
130202030603.0,1,0.5011511783416227,34.8373126,-106.7789461
130202030605.0,1,0.18313159412588126,34.6833205,-106.562669
130202030704.0,1,0.5304098314591281,34.4088667,-106.7665322
130202031003.0,1,0.31135014694287755,34.1006853,-106.8740993
130202060705.0,0,0.03512999714105284,34.9930734,-107.9670752
130202070301.0,1,0.06873300098947238,35.3070478,-107.6580066
130202070305.0,1,0.11084921573711436,35.2419662,-107.7353317
130202070406.0,0,0.03840937602779037,35.0670413,-107.7449771
130202080511.0,0,0.04328576236051301,33.7820221,-108.2260161
130202110304.0,1,0.13676276156359976,33.6397131,-107.0229227
130301020507.0,1,0.21429268794538311,32.5090515,-106.9683956
130301020603.0,1,0.22236867350095868,32.3610697,-107.0094208
130301020802.0,1,0.24753760305248712,32.0258157,-106.5771881
130301020804.0,1,0.19855071841712693,31.9377947,-106.5586369
130301020903.0,1,0.27578209182320207,32.1006764,-106.7626718
130301020906.0,0,0.03341298697464958,31.8120125,-106.5380641
130301021001.0,1,0.18802411519006346,32.0976803,-107.1216909
130401000104.0,1,0.10528394816423295,31.7533077,-106.3523574
130401000203.0,1,0.278044589084097,31.7809957,-106.2068535
130500010401.0,0,0.024357896600364887,34.9504882,-106.2864997
130500032206.0,1,0.1180439864768119,32.1362247,-106.5259556
130500032207.0,1,0.09662115181845347,32.0424194,-106.4687273
130600111004.0,1,0.07864454072021186,32.6434187,-104.2576055
130700070101.0,1,0.08671994899183266,32.8934181,-103.7152242
130700070405.0,1,0.11269736717954296,32.0757134,-103.3793191
140300020902.0,0,0.015405997089027963,38.3744377,-109.1849837
140401010503.0,0,0.015522134433551573,42.8951219,-110.2214912
140401011001.0,1,0.1033261171766231,42.4740651,-110.0898446
140401050501.0,1,0.06809088909926389,41.5997014,-109.1509949
140401060302.0,0,0.03221585223315558,41.0424324,-110.2258437
140401070204.0,1,0.07666980285527876,41.2135731,-110.3632754
140401090202.0,0,0.02794979320098339,41.2254934,-108.5614171
140402001501.0,1,0.10517086626354212,42.2428912,-107.6076467
140402001507.0,0,0.03828347311979475,42.1104435,-107.4049177
140500010111.0,0,0.020058818676887268,40.2659948,-106.8473349
140500030801.0,1,0.0698739619133591,41.0125702,-107.99109
140500030806.0,0,0.033392387174077554,40.9900913,-108.3441468
140600020205.0,0,0.024044211180570055,40.5837058,-109.6075184
140600030403.0,1,0.15994694223528147,40.2058052,-110.3706456
140700010603.0,0,0.04465442194539775,37.5965316,-110.1117694
140700020402.0,1,0.10593718646923188,38.8667155,-111.003261
140700030210.0,0,0.03717942531810225,38.3566125,-111.5609962
140700040103.0,1,0.6244349149102082,38.3073185,-110.6943442
140801011901.0,1,0.12887013777354298,36.8312847,-107.6712009
140801050702.0,1,0.39812512706381414,36.7597302,-108.537192
140802010411.0,1,0.13377018736721696,37.3350268,-109.5574635
140802030109.0,0,0.022297008352587435,37.7421076,-109.1755469
150100010108.0,1,0.1241043368506116,36.6589032,-111.8380838
150100010407.0,1,0.21831360436367078,36.5081379,-111.8163265
150100020503.0,1,0.06955108629117358,36.0943838,-113.0914866
150100020808.0,1,0.28709669135412397,36.0967191,-113.2324733
150100030502.0,1,0.0620343918513337,36.9968117,-112.4686629
150100030608.0,1,0.1632298060282145,36.8358047,-112.7200955
150100041108.0,1,0.12003872206183927,36.2582391,-112.6917362
150100050205.0,0,0.060493064209123086,35.795036,-113.842859
150100050708.0,1,0.6891744152098875,35.9465392,-114.3529782
150100051201.0,1,0.5783431509472561,36.2613885,-114.8942774
150100070106.0,1,0.18992877584249787,35.5214638,-113.5512727
150100080809.0,1,0.0802435963690139,37.108634,-113.6360534
150100080901.0,1,0.16052764702555644,37.0855518,-113.1398275
150100080909.0,1,0.23809440763676798,37.1362271,-113.4339715
150100090303.0,1,0.0843664794742748,37.0289989,-112.9625587
150100100606.0,1,0.10970668205288664,36.7635416,-113.9435842
150100100607.0,1,0.23579943686920557,36.8705255,-114.0723491
150100100608.0,1,0.13939808890538027,36.7266125,-114.0164205
150100110510.0,1,0.4267938263098794,38.5653456,-115.1779521
150100110803.0,1,0.6941319545958851,38.3591763,-115.0906818
150100130303.0,1,0.1516968854998518,37.9744899,-114.4636551
150100140102.0,1,0.14890318566100727,35.3919967,-114.4015085
150100140206.0,1,0.30202815238034225,35.6267677,-114.3955358
150100140302.0,1,0.540030535845396,35.8195191,-114.4682797
150100150702.0,1,0.24456357049692407,35.9103634,-115.2396355
150200020302.0,1,0.16260401582919973,34.4865058,-109.5927197
150200020409.0,1,0.06353006485122493,34.4752667,-109.7570313
150200040708.0,1,0.13987285800180577,34.8506577,-108.9556308
150200050401.0,1,0.07563153497788178,34.4049412,-109.940407
150200070208.0,1,0.09528854583067893,35.1954218,-109.368679
150200070509.0,1,0.0849384462343552,34.97151,-109.6294145
150200070607.0,0,0.05477255307982649,34.9749006,-110.0278701
150200100210.0,1,0.40153824234784186,34.6194801,-110.595424
150200100304.0,1,0.126295420048857,34.7175567,-110.6211807
150200110404.0,1,0.1360036395912693,35.3945724,-110.1322226
150200120206.0,1,0.06499960175803708,35.9060921,-110.5839754
150200120302.0,1,0.12915393003435652,35.8402326,-110.6814299
150200130111.0,0,0.05263385133286692,35.9354478,-110.0879246
150200130206.0,1,0.06859654939733992,35.8439273,-110.4825006
150200130207.0,1,0.21725710004551535,35.8824419,-110.4060485
150200130401.0,1,0.06607270518301725,35.7198969,-110.5736187
150200140104.0,1,0.08848012487942365,35.6654901,-110.1996745
150200140403.0,1,0.0917134552005645,35.4867181,-110.4026982
150200150201.0,0,0.018184469646607897,34.9114627,-111.459387
150200161007.0,1,0.20090078885883075,36.1130223,-111.7150827
150301010306.0,1,0.28539376530618193,34.988098,-114.5054568
150301010409.0,1,0.4350681022174464,34.781578,-114.6428005
150301010412.0,1,0.4298446484875701,34.6948668,-114.5508254
150301020301.0,1,0.4779088147336698,35.1570826,-114.8981043
150301030103.0,1,0.11048471699777372,35.3219989,-114.2210554
150301030105.0,1,0.10601038258975364,35.3143228,-114.1851992
150301030202.0,1,0.16852761606529296,35.2038947,-114.1502798
150301030204.0,1,0.10471022416617447,35.2546713,-114.189202
150301030205.0,1,0.07940133763707614,35.1491176,-114.0586691
150301030206.0,1,0.08685814647832671,35.0894054,-114.0352855
150301030207.0,1,0.15930213772252586,35.0422779,-114.3237183
150301030208.0,1,0.3654044617903463,35.1117918,-114.292783
150301030211.0,1,0.1235782125934923,35.0273643,-114.1744676
150301030507.0,1,0.5698460289190375,34.7454819,-114.3616926
150301040305.0,1,0.46100303432280304,34.0862115,-114.3333481
150301050307.0,1,0.2686642368423334,33.9175389,-113.7000037
150301060109.0,1,0.6139050165047343,33.5643257,-114.2487834
150301060202.0,1,0.5596851848457068,33.6476085,-114.2968249
150301060203.0,1,0.6267893868610678,33.6489255,-114.1650093
150301070105.0,1,0.4355834694348221,32.7473652,-114.5532873
150302030107.0,1,0.10343800223135456,34.3159441,-112.6637454
150302040407.0,1,0.12945616698983342,34.2644295,-113.8810672
150400050701.0,1,0.548821610977061,32.8388676,-109.6502226
150400050908.0,1,0.31423479788598463,33.1212966,-110.1469253
150400051009.0,1,0.1254648801877379,33.2317825,-110.5753649
150400060405.0,1,0.1077867701905131,32.1478723,-109.1427549
150400060409.0,1,0.11964813452103923,32.2179069,-109.2859079
150400070209.0,1,0.14752434332716494,33.4709902,-110.4598771
150400070306.0,1,0.1313023990607338,33.3465324,-110.5972287
150400070411.0,1,0.34788472189947217,33.309788,-110.4488466
150501001102.0,1,0.5158911136026829,33.323374,-111.8416286
150502010508.0,1,0.28420952162702573,31.9884131,-109.7971633
150502010603.0,1,0.3301489294002554,32.4167292,-109.8173853
150502020607.0,1,0.08861593521784253,31.7227683,-110.0303555
150502020709.0,1,0.20717603979712274,31.8834533,-110.2377443
150502020801.0,1,0.11467818070031043,32.2474881,-110.1281537
150502030809.0,1,0.33171663951159475,32.713587,-110.6254652
150502030810.0,1,0.12251599816247422,32.7809502,-110.6727256
150502030903.0,1,0.07272670356522105,32.9216619,-110.6866386
150503010305.0,1,0.08632575832491111,31.3827706,-111.0000993
150503010504.0,1,0.08749926528615544,31.4773276,-111.0172133
150503010603.0,0,0.05185856104880969,31.8513593,-111.1136675
150503020103.0,0,0.05097028968820848,31.7839058,-110.6913741
150503020303.0,1,0.08562256876492183,32.2223406,-110.705862
150503040504.0,1,0.08682549662542692,32.0615511,-111.2741679
150503040508.0,1,0.09926579515177283,32.2479392,-111.2912204
150503040605.0,1,0.29790455226275453,32.4657172,-111.4053738
150601050310.0,1,0.2456883249952183,34.0926325,-111.2719321
150601060304.0,1,0.4585985411329793,33.4654299,-111.8143834
150601060305.0,1,0.4321986435760621,33.4421538,-112.0349466
150602010501.0,1,0.14864536005576617,35.1393932,-112.524916
150602010603.0,1,0.23549872906982253,35.2798625,-112.8199223
150602010709.0,1,0.1092390196064813,34.8882229,-112.7266824
150602020102.0,0,0.04292125901913014,34.5315318,-112.4749604
150602020211.0,1,0.24902753340083292,34.9806824,-112.3920326
150602020508.0,0,0.04216553990378542,34.8462835,-111.7767209
150602020509.0,1,0.23342898366228435,34.8708536,-111.9714031
150602020609.0,0,0.06141534985731483,34.6819905,-111.6093622
150602020701.0,1,0.22022956289216736,34.7781254,-112.11117
150602030110.0,1,0.3865908102652014,34.5461043,-111.7398115
150602030704.0,1,0.4038954758405702,33.7403558,-111.6888523
150602030707.0,1,0.15294533860833895,33.629018,-111.7604779
150602030709.0,1,0.5193329368091547,33.5870776,-111.6815703
150701010109.0,1,0.5063863272962928,33.2671036,-112.5035041
150701010202.0,1,0.3347087689267643,33.3699233,-112.3787866
150701010207.0,1,0.7459307963870028,33.2898952,-112.7159036
150701010304.0,1,0.4133847623586228,32.7929576,-112.6101496
150701010401.0,1,0.36377549471367093,33.2272432,-112.6105376
150701010402.0,1,0.3095432982402008,33.200958,-112.7625534
150701010403.0,1,0.251499480154194,33.1246367,-112.5770449
150701010704.0,1,0.4740247286532347,33.0778991,-112.7882132
150701010709.0,1,0.6748896854189284,33.0290023,-112.8816795
150701020307.0,1,0.24550147884986645,34.2588466,-112.1548772
150701020403.0,0,0.04796941310089313,34.3966402,-112.2477487
150701020809.0,1,0.5092740185070467,33.5946035,-112.2400169
150701020903.0,1,0.4001618754047299,33.7857227,-112.4128375
150701020908.0,1,0.6236700480098889,33.4922003,-112.4079426
150701030112.0,1,0.16316491239518166,34.3089692,-112.5601809
150701040202.0,1,0.39443739555797874,33.9017001,-113.4097961
150701040207.0,1,0.7300138872623091,33.8280762,-113.6032391
150701040401.0,1,0.4749035557030891,33.7236735,-113.54192
150701040506.0,1,0.7807211657263726,33.4068733,-113.2448863
150701040509.0,1,0.6752272569563704,33.3646929,-113.1808427
150701040702.0,1,0.5446585914335064,33.3054537,-113.0846908
150702010805.0,1,0.6755928244650362,32.8017557,-113.7421845
150702011301.0,1,0.5398011431616682,32.7619424,-113.8409683
150702020203.0,1,0.662139788128439,32.3244456,-112.7746971
150702030704.0,1,0.4950603829984362,32.7149517,-113.5522281
150702030706.0,1,0.5009271502708195,32.7555979,-113.708475
150803010107.0,1,0.3722827482411156,31.7644782,-109.7121952
150803010410.0,1,0.08261728949468068,31.3852352,-109.5969534
160102010503.0,0,0.05767030426250145,42.3003556,-111.4260106
160102020304.0,0,0.05563672728382889,42.1642336,-112.0022105
160102020503.0,0,0.043309500381607455,42.0942622,-111.819589
160102020507.0,1,0.06598283744029967,41.9326917,-111.7954503
160102020603.0,1,0.10566603275580855,42.0909245,-111.968657
160102020706.0,1,0.182938920090817,41.8398445,-112.002649
160102030402.0,1,0.23821279711850266,41.6722422,-111.8765187
160102030403.0,1,0.07680468591527034,41.6843553,-111.9673043
160102040302.0,1,0.14292572290058253,42.0454274,-112.2352126
160102040305.0,1,0.2732179210451338,41.8964427,-112.2114775
160201020502.0,0,0.05971844787389979,40.9688072,-111.8602006
160201020702.0,1,0.22768274582487488,41.3641562,-112.0550242
160202010204.0,1,0.19064867517788142,40.0019889,-111.983944
160202010401.0,0,0.055799237141568966,40.3388287,-112.0875662
160202010500.0,0,0.044771569936503754,40.2306884,-111.6311442
160202020604.0,1,0.18315209360496898,40.0869486,-111.7766625
160202040102.0,1,0.2763698819075594,40.4508468,-111.9630293
160202040105.0,0,0.045904231425833046,40.4988487,-111.881727
160202040106.0,1,0.11201599936906917,40.5622991,-112.0807173
160202040206.0,1,0.18265565797433608,40.6195979,-111.9682099
160203010901.0,1,0.20093810050751917,38.7225402,-113.9938639
160203040201.0,1,0.11653776273771424,40.0036307,-112.2762608
160203040202.0,1,0.10199649358478745,40.0810425,-112.2166137
160203061507.0,1,0.5930312836990613,40.5060742,-114.0746393
160203070303.0,0,0.06006278269858792,41.6763331,-114.518763
160203080110.0,1,0.2362842951798483,41.7019467,-113.8796576
160203080404.0,1,0.24226773183809644,41.5780021,-113.9262699
160203090105.0,0,0.04635737054380618,42.2222544,-112.6885923
160203090307.0,1,0.0900559427684855,41.9346502,-112.7316132
160300020204.0,1,0.10677806005012784,38.2135709,-111.9767527
160300030605.0,1,0.21957670852180336,39.1102744,-111.881926
160300040304.0,0,0.04720849976180959,39.434227,-111.5577406
160300060109.0,0,0.030070421127760438,37.8625224,-112.7454522
160300060203.0,0,0.02913976326806687,37.8228896,-112.8565691
160300060204.0,0,0.01960880937382956,37.7401691,-112.9026215
160300061103.0,1,0.11862632930387675,37.7473322,-113.7471166
160300070211.0,0,0.05159087249263956,38.2764468,-112.6947289
160300080104.0,1,0.0680610415541269,38.7878531,-112.5073077
160300080406.0,1,0.6313325620473971,39.1284007,-112.633758
160300090107.0,1,0.09888374393780432,38.4978896,-113.328018
160401011201.0,1,0.496906822066197,40.8215215,-115.8132977
160401011205.0,1,0.7120957601482668,40.6952643,-116.2227082
160401050702.0,1,0.7313901948775757,40.5893477,-116.3082505
160401050704.0,1,0.5052121667539965,40.6595932,-116.3764072
160401050903.0,1,0.4627187498404458,40.630811,-116.793492
160401051201.0,1,0.7287711883325807,40.9385044,-116.8806448
160401060204.0,1,0.31323148627541003,41.2847071,-116.6235447
160401080400.0,1,0.5338100677276428,40.9155793,-117.9272698
160401080602.0,1,0.10610446391893906,40.735147,-118.0896582
160402030906.0,1,0.8106772935410552,40.5602904,-119.8171916
160402030908.0,1,0.47865710463597616,40.4775927,-119.9000208
160501020204.0,1,0.08212234769834623,39.2880406,-120.119869
160501020402.0,1,0.3495039249416348,39.6108048,-119.6837935
160501020505.0,1,0.07833323656352588,39.5008142,-119.9249296
160501020606.0,1,0.3178753920258161,39.5323953,-119.4570081
160502010304.0,1,0.3806576918350753,38.8625525,-119.7731763
160502010401.0,1,0.08661497848282891,38.8979222,-119.5682365
160502010404.0,1,0.3736277367700175,38.9094703,-119.6831494
160502010505.0,1,0.130831487342056,39.1736557,-119.7644797
160502020103.0,1,0.06645992921996274,39.2294841,-119.634383
160502020402.0,1,0.513282043439163,39.4424192,-119.3282866
160600010705.0,1,0.3843915072077494,40.2524406,-117.6922481
160600011302.0,1,0.6638149486414454,39.3484428,-118.1092513
160600051503.0,1,0.17248168388537735,39.6845132,-115.9822756
160600060303.0,1,0.21674600295291552,39.3670794,-115.8206161
160600070908.0,1,0.4934694060842484,40.022334,-115.491604
160600081903.0,0,0.049418812709439014,39.7799185,-114.3229041
160600082500.0,1,0.10925994506777614,40.6834329,-114.4454645
160600121307.0,1,0.09603047782614527,38.9261153,-115.7516077
160600121503.0,1,0.232445785700264,38.5699596,-115.8241511
160600150903.0,1,0.648707320224938,35.7924277,-115.335851
170101040304.0,0,0.0565734827357707,48.7175382,-116.2870248
170101040711.0,0,0.05640427039124619,48.9519359,-116.4675002
170102010401.0,0,0.039473285379360776,46.1550424,-112.7680928
170102010707.0,0,0.04123820735501781,46.4319069,-112.7096056
170102010807.0,0,0.03474535389270146,46.5977244,-112.9072631
170102020605.0,0,0.022338118290432526,46.7158774,-113.2710924
170102021402.0,0,0.04610292161763658,46.7139888,-113.55801
170102051006.0,1,0.09390763332439281,46.2920025,-113.9719827
170102051105.0,0,0.026663824492737784,46.3627448,-114.0754276
170102140205.0,0,0.029586756800149813,48.3494462,-116.5804566
170102140401.0,0,0.018951331658094227,48.0089537,-116.6622157
170102140503.0,0,0.054216390437065005,47.9665314,-116.9256568
170103060105.0,0,0.03556010961781273,47.189152,-116.9781117
170103060303.0,0,0.05178305622183506,47.5366628,-117.385959
170103070105.0,1,0.0628226210565678,47.69132,-117.5030704
170103080306.0,0,0.038846816861275744,47.7686186,-117.4232881
170200040104.0,0,0.02671874726838462,48.6739856,-118.7917342
170200080610.0,0,0.03597329179020816,48.3153259,-120.0878034
170200140103.0,1,0.09581195276976426,47.8570516,-118.9623497
170200150505.0,1,0.11488097783743967,47.1350475,-119.5447414
170200151006.0,1,0.12552800080273702,46.8710649,-119.3799354
170200151007.0,1,0.08098017308171777,46.9091848,-119.4348511
170200160202.0,1,0.08308536771084776,46.6908962,-119.2382216
170200160302.0,1,0.06394983124901936,46.8534159,-118.9848525
170200160303.0,0,0.04414471286967207,46.8104827,-119.003867
170200160306.0,1,0.17703549687444173,46.5759082,-119.1516356
170200160507.0,1,0.1331266065168077,46.3560662,-119.1138028
170200160601.0,1,0.10222627042667995,46.462327,-119.3184911
170200160602.0,1,0.22898802183477138,46.3464466,-119.2577907
170402010302.0,0,0.04749182329163219,43.7409144,-112.0533305
170402040801.0,0,0.03553678626960018,43.9090483,-111.5953036
170402050102.0,0,0.037875732092026215,43.019036,-111.4082929
170402060902.0,0,0.031303806929694956,42.6948002,-112.5004044
170402060904.0,0,0.029004173991598662,42.8668534,-112.557854
170402061005.0,0,0.047080459377382304,42.8821827,-112.7754326
170402080105.0,1,0.06354345076609261,42.8929641,-111.9709125
170402080209.0,0,0.022923018448800136,42.5474416,-112.0036407
170402080306.0,1,0.0823962361127534,42.4985155,-112.2914318
170402080308.0,1,0.09033198587004336,42.4639533,-112.2229616
170402080507.0,1,0.07047596391842148,42.8853599,-112.5023769
170402090301.0,0,0.04716103873345175,42.7510884,-112.8598453
170402090302.0,0,0.027739755475874456,42.6949848,-112.8413486
170402091207.0,1,0.17428154134411605,42.5919494,-113.7249654
170402091304.0,1,0.1138985623293611,42.5577944,-113.5770619
170402091306.0,1,0.11475196650139854,42.486987,-113.7296611
170402120402.0,1,0.13563769495118158,42.5348848,-114.1535361
170402120403.0,1,0.09406524663825092,42.5369301,-114.2766686
170402120503.0,1,0.10039313154189047,42.5469021,-114.3914536
170402120704.0,1,0.2751487859215991,42.6241712,-114.5763412
170402121006.0,1,0.292184513109422,42.6629139,-114.7377747
170402121102.0,1,0.14572715486551055,42.8317053,-114.6867847
170402121105.0,1,0.336898266476364,42.7761463,-114.9000884
170402121301.0,1,0.32376256364776446,42.723991,-115.0195839
170402121303.0,1,0.6070788970094371,42.9042014,-114.9135204
170402121306.0,1,0.23980056028775962,42.9539852,-115.1039875
170402150304.0,1,0.07182593163496957,44.1583269,-112.5223009
170402150408.0,0,0.04851588295027012,44.0590013,-112.5322951
170402190107.0,0,0.035694151182513144,43.801697,-114.4965036
170501010306.0,1,0.407412099144421,42.9710207,-115.2407915
170501010405.0,1,0.394906357543145,42.8575905,-115.31666
170501010605.0,1,0.08149355208133716,43.1090469,-115.398135
170501010803.0,1,0.6582246768288964,43.0094599,-115.5007574
170501010806.0,1,0.7224167863849623,42.921609,-115.5991281
170501011104.0,1,0.6831913960340772,43.0683811,-115.731234
170501011105.0,1,0.09561170048485702,43.0380719,-115.7713848
170501011108.0,1,0.8387612706118863,42.9236388,-115.9383883
170501021106.0,1,0.275831726341972,42.4497448,-115.5532378
170501030105.0,1,0.4154451800162382,42.8794313,-116.0724524
170501030201.0,1,0.35975835452064436,42.9797564,-116.0438738
170501030202.0,1,0.07573808277800848,43.069951,-116.0493441
170501030309.0,1,0.31677617684688775,43.0668091,-116.3355308
170501030408.0,1,0.41551160195901266,43.1286764,-116.5210848
170501030409.0,1,0.4024917488097681,43.2053123,-116.4154437
170501030501.0,1,0.29953429128166537,43.2668144,-116.3957297
170501030502.0,1,0.31060647754521015,43.3185767,-116.3732431
170501030503.0,1,0.4837280333393147,43.3537917,-116.4882381
170501030704.0,1,0.8091891214672957,43.4205308,-116.7057768
170501100704.0,1,0.4176874407563221,43.7434952,-117.1826563
170501140303.0,1,0.35177508725540596,43.7779468,-116.5073598
170501140405.0,1,0.0843438159807602,43.6361133,-116.3792558
170501140408.0,1,0.15562613415330265,43.8078822,-116.5919623
170501140410.0,1,0.3976308648832641,43.718368,-116.4778298
170501140505.0,1,0.21224088669624136,43.4500874,-116.220077
170501140507.0,1,0.24884059577286527,43.5600087,-116.5562493
170501140601.0,1,0.3176668833520194,43.4350048,-116.4249388
170501140701.0,1,0.25786668529412,43.8271115,-116.6820313
170501140703.0,1,0.4204066595841867,43.7943886,-116.81311
170501140803.0,1,0.7986962927082502,43.7341981,-116.8207032
170501150104.0,1,0.8048171396455516,43.98087,-116.9767274
170501220605.0,1,0.19210957809891643,43.9210137,-116.3659381
170501220806.0,1,0.3349525737136956,44.0698202,-116.7852569
170501220901.0,1,0.21788878053429242,43.9875873,-116.5005808
170501220903.0,1,0.47259315673631597,43.8983587,-116.5549779
170501240705.0,1,0.14169412714397772,44.5509268,-116.5585857
170602011606.0,0,0.03581068823416826,44.5588423,-114.2849588
170602011805.0,0,0.042345733721703284,44.6518547,-114.1144449
170602030504.0,0,0.031035764859855607,45.2842461,-113.918014
170602040504.0,0,0.043439944732560645,44.7989659,-113.411035
170602040510.0,0,0.031374827519070864,44.7927789,-113.5888376
170603061302.0,1,0.06268799998077061,46.5092266,-116.4363965
170701011402.0,0,0.061833754344484175,45.6335292,-120.1733268
170701031305.0,0,0.04286094370563952,45.8421035,-119.2445526
170703010302.0,0,0.015526472522502147,43.7989171,-121.6199451
170800030103.0,1,0.2713412286327126,46.0672425,-122.5147547
170900070107.0,0,0.024393678892292874,44.8372276,-123.1399761
170900100307.0,1,0.13067968322878623,45.5747538,-122.9692049
170900100504.0,0,0.04268751232122568,45.3700916,-122.7224037
171100080106.0,0,0.021188621415723793,48.2855562,-121.8757366
171100080109.0,0,0.028214967577138157,48.2652899,-122.0357005
171100080203.0,1,0.08402473076283559,48.0900521,-121.8016288
171100080304.0,0,0.04049660925604666,48.2150447,-122.3184155
171100090602.0,1,0.0836524953660676,47.8842053,-121.6530966
171100100401.0,1,0.06481150396966946,47.6137808,-121.7695512
171100100402.0,1,0.07684355124174584,47.4852302,-121.8826115
171100100505.0,0,0.04251105721917287,47.6860221,-121.8517091
171100100601.0,0,0.05689385468138049,47.6871398,-121.9367945
171100110101.0,0,0.04422599892569499,48.0311241,-121.8411233
171100110102.0,0,0.05742231804143384,48.0579244,-122.0682298
171100110201.0,1,0.11701516262646053,47.8914794,-122.0135795
171100110202.0,0,0.021872944593557205,47.8397361,-122.0802457
171100110203.0,0,0.046110461152976616,47.9680032,-122.149699
171100120301.0,0,0.014253661150478223,47.7197219,-122.071042
171100120303.0,0,0.03076717081712596,47.835251,-122.2650402
171200030400.0,1,0.5211787310195308,43.1525904,-118.8871023
180101100603.0,0,0.03211482933532299,38.6018581,-122.6849204
180101100701.0,1,0.13486346491081783,38.3583803,-122.716595
180101100704.0,1,0.13999725355784934,38.4191393,-122.7980969
180101100706.0,0,0.026540828467044714,38.5201595,-122.7010862
180102040906.0,0,0.04052458500565691,41.9858144,-121.3690936
180102080302.0,0,0.015964611572852727,41.7050004,-122.802963
180201040900.0,1,0.4267344611601173,38.9709746,-121.8803178
180201110301.0,0,0.034250453332217025,38.7346065,-121.4527012
180201250602.0,0,0.03347077654833845,39.3289402,-120.4520881
180201560607.0,1,0.08284721001453126,40.0444318,-122.1571104
180201580205.0,1,0.08605114922207208,39.6061851,-121.8221579
180201580206.0,1,0.19074593558535893,39.4883478,-121.8846262
180201580303.0,1,0.14652032207316718,39.5353044,-121.9472738
180201590107.0,0,0.015506267546987158,39.3724487,-121.4921045
180201610102.0,0,0.018504838400602002,38.891803,-121.2002408
180201610204.0,1,0.46898183242396896,38.9147147,-121.4934583
180201630203.0,1,0.14700544343495156,38.6378777,-121.849504
180201630606.0,1,0.6036381589113687,38.3803004,-121.6716358
180300010607.0,0,0.03858998806550439,35.7108634,-118.4643097
180300030102.0,1,0.06690893303431474,35.5595949,-118.4557938
180300031104.0,1,0.11465675771150313,35.0271533,-119.0349265
180300031202.0,1,0.20023849142159028,35.0225625,-119.133143
180300040102.0,1,0.13615459585957285,35.7308666,-118.6148596
180300040306.0,1,0.08116261973251004,35.5638678,-119.0451686
180300040402.0,1,0.43511737966801467,35.6448263,-119.3351965
180300050101.0,0,0.05110370324047872,35.913108,-118.6415482
180300050903.0,1,0.12389168322106207,35.969899,-119.2458575
180300060701.0,0,0.021354298425689866,36.1155268,-118.8305837
180300090101.0,1,0.2676192349268898,36.3842712,-119.8963675
180300090208.0,1,0.40124352776696354,36.4666173,-120.0510793
180300090506.0,1,0.16521793027620194,36.6711984,-119.9175642
180300090702.0,1,0.154087240458834,36.67372,-120.0137729
180300090703.0,1,0.1997519020452223,36.7047091,-120.0582597
180300090804.0,1,0.7485577578422331,36.5962851,-120.2325371
180300120701.0,1,0.5528295423713396,36.3319595,-119.9065914
180300120704.0,1,0.47726359584288913,36.2231533,-119.9072752
180300120803.0,1,0.1360948056687611,35.4870126,-119.1676541
180300120901.0,1,0.37675994434656546,35.3539468,-119.3616254
180300121201.0,1,0.24930837944561518,35.2890144,-119.3548692
180300121301.0,1,0.13510586149103476,35.5940205,-120.1358394
180300121504.0,1,0.2530274831973199,35.6534088,-119.7173942
180300122201.0,1,0.39655211210557195,36.0412051,-120.0239523
180400010304.0,0,0.033072434033959465,36.8085455,-120.0974785
180400011306.0,1,0.20528193816522664,37.0358647,-120.8141007
180400011504.0,0,0.029233464484392842,37.2462666,-120.3723251
180400011602.0,0,0.047163754032355565,37.1023301,-120.493762
180400011605.0,1,0.08594646529233158,37.1892477,-120.5848154
180400011702.0,0,0.022318830057394337,37.3608235,-120.1559854
180400011902.0,1,0.07776894105193212,37.1425504,-120.942174
180400012001.0,1,0.4103889752867888,36.8012289,-120.514853
180400012002.0,1,0.07644425710540265,36.823386,-120.5902299
180400012005.0,1,0.38319488760806025,37.0667149,-120.6289973
180400012006.0,1,0.3484054036138218,37.0417953,-120.6955132
180400012104.0,1,0.06296872134181339,37.2910426,-121.0662589
180400020205.0,1,0.08215821041079757,37.4508475,-120.9217935
180400020404.0,0,0.04104916199122505,37.5966196,-120.7943448
180400030303.0,1,0.32439177192384105,37.9770454,-121.1767217
180400030401.0,0,0.019203333490725102,38.1748618,-120.9294795
180400030403.0,1,0.1575468832586971,38.0611035,-121.2083062
180400030502.0,1,0.7331688933414564,37.9106538,-121.3897788
180400060401.0,1,0.14447282875594905,37.6833952,-119.1327209
180400061103.0,0,0.01611409670336251,37.2899824,-119.4778609
180400070101.0,0,0.026271577129213526,37.4129762,-119.609546
180400070303.0,0,0.024711435065649417,37.1199315,-119.8570298
180400070502.0,0,0.04008662433205609,37.0692431,-120.1909985
180400091403.0,0,0.04877424833650191,37.6105193,-121.0751287
180400100604.0,0,0.019752955048664263,38.0675109,-120.5273529
180400100701.0,0,0.03968652068012915,37.8316675,-120.6206558
180400100704.0,0,0.03415346392311207,37.6976871,-121.0613544
180400100706.0,0,0.026380687001961528,37.7366236,-121.0539879
180400110308.0,1,0.155500308462089,38.0202341,-121.1600043
180400121002.0,1,0.2803653140844511,38.3479351,-121.46674
180400121104.0,1,0.2013115181908011,38.117118,-121.3280846
180400130602.0,0,0.013154707490161774,38.6084514,-120.9094884
180400130605.0,0,0.020588424810570886,38.4863706,-121.0707482
180400130703.0,0,0.037997911096037916,38.3487509,-121.0941794
180400130705.0,0,0.028587031852418388,38.2968011,-121.2490118
180400510103.0,0,0.027324678735717405,37.9478224,-120.7991252
180400510204.0,0,0.01839202084425329,37.880279,-120.9126468
180400510402.0,1,0.06250668566628768,37.9384242,-121.1081127
180500010106.0,0,0.029276250989614786,38.151903,-121.8677284
180500020202.0,0,0.041088650584335196,38.4982371,-122.4672062
180500020205.0,1,0.08807575099635064,38.3575703,-122.3361475
180500020303.0,0,0.02045432244355558,38.3307157,-122.4923611
180500020402.0,1,0.10098878432956314,38.2526113,-122.240147
180500020502.0,1,0.118730059668519,38.2758569,-122.4221712
180500020801.0,1,0.15566493624471128,38.1380264,-122.4079182
180500041001.0,1,0.14545165091180354,37.5638004,-122.1537171
180500050302.0,0,0.030878991812175217,38.3214595,-122.898311
180500060205.0,0,0.04318731964192933,37.5222817,-122.514634
180600020102.0,0,0.023191560149461297,36.8301958,-121.2893654
180600040207.0,0,0.05340145380420428,35.7004377,-120.2809545
180600040406.0,0,0.034069604343807555,35.8001645,-120.5307542
180600050307.0,0,0.03952481122545431,35.6180453,-120.5992691
180600050406.0,0,0.01944772332173329,35.6910857,-120.7739877
180600051106.0,1,0.09043439193210515,36.160222,-120.9192322
180600090104.0,0,0.03491721250575169,34.761882,-120.3850864
180600090105.0,0,0.03435713039311641,34.7807242,-120.512741
180600100703.0,0,0.02791012012804154,34.6633576,-120.4342196
180600100704.0,0,0.02541505777770184,34.6783523,-120.5219508
180600150203.0,0,0.02061567768607114,37.0305526,-122.0221165
180701020301.0,0,0.04768711008528036,34.6705452,-118.4357056
180701040204.0,1,0.08717521830092649,34.0220352,-118.7500303
180701050402.0,0,0.0358300007802056,33.9127213,-118.2193118
180701060603.0,0,0.030181369705129933,33.9348668,-117.9001674
180701060606.0,0,0.054542402677901905,33.8876814,-118.0668169
180701060702.0,0,0.029785695096851604,33.8520189,-118.1304903
180702030102.0,0,0.02904697283956328,34.2483033,-116.9172437
180702030508.0,0,0.03893449998066804,34.1288937,-117.2874684
180702030701.0,0,0.0340176479202725,34.2271229,-117.6515068
180702030706.0,0,0.038199471676939045,34.009324,-117.6516672
180702031001.0,0,0.034856521315933496,33.882223,-117.6896853
180702031003.0,1,0.09673466340076005,33.6907758,-117.936128
180703040504.0,0,0.03115125780431116,32.9065312,-116.6751355
180703040705.0,0,0.0325739823384376,32.8178797,-117.0984131
180703040803.0,0,0.016697199144311694,32.8354679,-116.6908991
180703041004.0,0,0.050069951751029074,32.5997682,-116.9861034
180703041202.0,0,0.04890647843611011,32.6782507,-117.1281018
180703050302.0,0,0.04652686418512276,32.6490876,-116.6691226
180703050602.0,0,0.04287568097689937,32.5595725,-117.015893
180800031103.0,1,0.38384579927343215,39.9547445,-119.9509375
180901020202.0,0,0.03505221126953138,37.6898837,-118.9831239
180901020601.0,0,0.04691774624538674,37.1812704,-118.5615449
180901020802.0,1,0.44158387962795537,37.1307833,-118.2551868
180902020502.0,1,0.5807290503516589,36.8648078,-116.5500348
180902020602.0,1,0.7582140410924414,36.7403447,-116.6465605
180902021201.0,1,0.8777190187137291,36.7202427,-116.4599613
180902021401.0,1,0.7804007032619981,36.5864815,-116.2037104
180902021404.0,1,0.8652558623483864,36.5523947,-116.2738959
180902031604.0,1,0.6730288913804007,35.5715079,-116.7114456
180902040302.0,1,0.07117949633878294,36.1799432,-117.618381
180902040303.0,0,0.040104877712565705,36.2066863,-117.656747
180902040501.0,1,0.3140161489384395,35.4501622,-116.9376078
180902050702.0,1,0.2839336884558311,35.7950883,-117.9257923
180902060105.0,1,0.069037274950835,35.1200455,-118.2723954
180902060403.0,1,0.49236027849770453,35.1461249,-117.9699255
180902060801.0,1,0.3595164318726421,35.4134027,-117.8988438
180902061303.0,1,0.09461929665102416,34.8020474,-118.6235376
180902061308.0,1,0.07351313552943736,34.7786018,-118.438992
180902061407.0,1,0.4224684380405361,34.744545,-118.2101217
180902061408.0,1,0.3937142740936721,34.7337051,-118.2357294
180902061802.0,1,0.18666183650142582,34.8747336,-118.3645241
180902062102.0,1,0.7453589338877681,34.9341053,-117.6380648
180902070202.0,1,0.5215930813678482,35.3603726,-116.8951876
180902070302.0,1,0.6778098348471668,34.9742918,-116.707699
180902070306.0,1,0.506382385044745,35.1898962,-116.7768796
180902080502.0,1,0.259189860991426,34.5026359,-117.4670819
180902080702.0,1,0.16466562588501382,34.3962971,-117.3223652
180902080704.0,1,0.1901721068594018,34.4338808,-117.3752612
180902080705.0,1,0.4105715936129676,34.6162426,-117.2364861
180902080706.0,1,0.25479610238710443,34.544618,-117.3483742
180902081102.0,1,0.7323593791864654,34.8466798,-117.1559814
180902082402.0,1,0.2433101112625011,35.3515257,-115.9151026
181001001402.0,1,0.6907863897654999,34.2876354,-116.1334294
181001001503.0,1,0.15635962379436727,34.054098,-116.2637776
181001001601.0,1,0.078120297796435,34.0645265,-116.3598988
181001001603.0,1,0.39349516344769875,34.1359521,-116.3533258
181001001802.0,1,0.36137603876082375,34.1155052,-116.1482878
181001002101.0,1,0.23410359883136614,34.0523818,-116.0242085
181001002103.0,1,0.4364990150253119,34.1781758,-115.9761357
181001004805.0,1,0.5149776696169435,33.699043,-115.4753022
181002010404.0,1,0.17885284254084588,33.9541551,-116.4998709
181002010802.0,1,0.51127636445736,33.6550471,-116.1680878
181002030304.0,1,0.26220201528709725,33.1987174,-116.3197445
181002040106.0,1,0.6680027557477733,32.7831287,-114.8056671
181002040208.0,1,0.7193885183074806,33.1197002,-115.2069622
